ticket_id,created_date,resolved_date,priority,category,channel,team,status,escalated,customer_satisfaction,customer_message,resolution_hours,sla_target_hours,sla_breach,ticket_age_hours,hour_created,day_of_week,message_length
TKT-0001,2026-02-25 14:09:00,2026-02-27 07:09:00,Medium,Billing,Email,Team A,Resolved,0,4,Customer is waiting for urgent resolution and needs clear next steps.,41.0,24,1,2261.9545270730555,14,Wednesday,69
TKT-0002,2026-01-16 00:27:00,2026-01-16 21:27:00,Medium,Login Issue,Email,Specialist Team,Closed,0,5,User cannot access account and has contacted support multiple times.,21.0,24,0,3235.6545270730553,0,Friday,68
TKT-0003,2026-01-11 21:36:00,,Medium,Billing,Chat,Team A,Open,1,3,Policy related question needs accurate guidance from knowledge base.,37.0,24,1,3334.5045270730557,21,Sunday,68
TKT-0004,2026-01-21 10:36:00,2026-01-23 16:36:00,Medium,Policy Question,Chat,Team A,Resolved,0,3,Customer is waiting for urgent resolution and needs clear next steps.,54.0,24,1,3105.5045270730557,10,Wednesday,69
TKT-0005,2026-01-11 12:39:00,2026-01-13 23:39:00,Low,Payment,Web Form,Team C,Resolved,0,4,User cannot access account and has contacted support multiple times.,59.0,48,1,3343.4545270730555,12,Sunday,68
TKT-0006,2026-02-01 00:44:00,2026-02-02 05:44:00,High,Billing,Phone,Specialist Team,Closed,1,3,Customer is waiting for urgent resolution and needs clear next steps.,29.0,12,1,2851.371193739722,0,Sunday,69
TKT-0007,2026-03-29 16:26:00,2026-04-01 08:26:00,Low,Ad Review,Chat,Specialist Team,Resolved,0,3,Policy related question needs accurate guidance from knowledge base.,64.0,48,1,1491.6711937397222,16,Sunday,68
TKT-0008,2026-02-23 21:21:00,2026-02-24 19:21:00,Medium,Account Access,Web Form,Specialist Team,Closed,0,5,Campaign delivery problem needs technical validation.,22.0,24,0,2302.7545270730557,21,Monday,53
TKT-0009,2026-01-12 10:03:00,,High,Ad Review,Web Form,Team C,Open,1,3,Billing issue requires review and possible refund investigation.,37.0,12,1,3322.0545270730554,10,Monday,64
TKT-0010,2026-01-30 00:39:00,2026-01-31 14:39:00,Low,Billing,Chat,Team C,Closed,0,5,Campaign delivery problem needs technical validation.,38.0,48,0,2899.4545270730555,0,Friday,53
TKT-0011,2026-03-27 01:05:00,,Low,Technical Bug,Phone,Team B,Open,1,3,Billing issue requires review and possible refund investigation.,37.0,48,0,1555.021193739722,1,Friday,64
TKT-0012,2026-03-07 06:14:00,2026-03-09 02:14:00,Low,Login Issue,Chat,Team B,Resolved,0,4,User cannot access account and has contacted support multiple times.,44.0,48,0,2029.8711937397222,6,Saturday,68
TKT-0013,2026-02-15 04:18:00,2026-02-17 02:18:00,Low,Technical Bug,Phone,Team C,Closed,0,4,Policy related question needs accurate guidance from knowledge base.,46.0,48,0,2511.8045270730554,4,Sunday,68
TKT-0014,2026-01-10 13:29:00,2026-01-11 22:29:00,High,Policy Question,Web Form,Specialist Team,Resolved,1,3,Customer is waiting for urgent resolution and needs clear next steps.,33.0,12,1,3366.621193739722,13,Saturday,69
TKT-0015,2026-02-02 20:04:00,2026-02-04 03:04:00,Critical,Technical Bug,Chat,Team A,Resolved,1,2,User cannot access account and has contacted support multiple times.,31.0,6,1,2808.037860406389,20,Monday,68
TKT-0016,2026-01-18 15:23:00,2026-01-19 18:23:00,Medium,Billing,Chat,Specialist Team,Resolved,0,3,Billing issue requires review and possible refund investigation.,27.0,24,1,3172.7211937397224,15,Sunday,64
TKT-0017,2026-03-23 06:07:00,2026-03-26 02:07:00,Low,Technical Bug,Web Form,Specialist Team,Resolved,1,2,Billing issue requires review and possible refund investigation.,68.0,48,1,1645.9878604063888,6,Monday,64
TKT-0018,2026-02-15 12:30:00,2026-02-17 05:30:00,High,Login Issue,Email,Team B,Resolved,0,3,Billing issue requires review and possible refund investigation.,41.0,12,1,2503.6045270730556,12,Sunday,64
TKT-0019,2026-01-16 20:44:00,2026-01-18 02:44:00,High,Account Access,Phone,Team B,Closed,1,2,Billing issue requires review and possible refund investigation.,30.0,12,1,3215.371193739722,20,Friday,64
TKT-0020,2026-02-08 09:39:00,2026-02-09 18:39:00,High,Policy Question,Chat,Team B,Closed,1,2,Campaign delivery problem needs technical validation.,33.0,12,1,2674.4545270730555,9,Sunday,53
TKT-0021,2026-03-03 00:46:00,2026-03-04 22:46:00,Low,Billing,Phone,Specialist Team,Resolved,0,4,Billing issue requires review and possible refund investigation.,46.0,48,0,2131.3378604063887,0,Tuesday,64
TKT-0022,2026-03-18 15:51:00,2026-03-19 15:51:00,Critical,Ad Review,Phone,Team A,Resolved,1,3,User cannot access account and has contacted support multiple times.,24.0,6,1,1756.2545270730554,15,Wednesday,68
TKT-0023,2026-03-24 16:39:00,2026-03-25 16:39:00,Critical,Account Access,Email,Specialist Team,Closed,1,2,Customer is waiting for urgent resolution and needs clear next steps.,24.0,6,1,1611.4545270730555,16,Tuesday,69
TKT-0024,2026-03-08 15:50:00,2026-03-10 02:50:00,High,Login Issue,Web Form,Team B,Closed,1,2,Campaign delivery problem needs technical validation.,35.0,12,1,1996.271193739722,15,Sunday,53
TKT-0025,2026-03-21 09:25:00,2026-03-22 01:25:00,High,Billing,Chat,Team B,Resolved,0,3,User cannot access account and has contacted support multiple times.,16.0,12,1,1690.6878604063888,9,Saturday,68
TKT-0026,2026-03-23 06:42:00,2026-03-23 08:42:00,Critical,Login Issue,Chat,Team A,Closed,0,5,Policy related question needs accurate guidance from knowledge base.,2.0,6,0,1645.4045270730555,6,Monday,68
TKT-0027,2026-01-25 02:27:00,2026-01-25 20:27:00,Critical,Login Issue,Chat,Team A,Resolved,1,2,Billing issue requires review and possible refund investigation.,18.0,6,1,3017.6545270730553,2,Sunday,64
TKT-0028,2026-02-14 14:34:00,2026-02-16 13:34:00,Medium,Login Issue,Email,Team C,Closed,0,3,Campaign delivery problem needs technical validation.,47.0,24,1,2525.537860406389,14,Saturday,53
TKT-0029,2026-03-27 22:08:00,2026-03-29 03:08:00,Medium,Account Access,Email,Specialist Team,Resolved,0,4,User cannot access account and has contacted support multiple times.,29.0,24,1,1533.9711937397221,22,Friday,68
TKT-0030,2026-01-25 11:30:00,2026-01-27 14:30:00,Medium,Billing,Email,Team C,Resolved,0,4,Policy related question needs accurate guidance from knowledge base.,51.0,24,1,3008.6045270730556,11,Sunday,68
TKT-0031,2026-01-11 00:15:00,2026-01-13 17:15:00,Low,Billing,Email,Specialist Team,Resolved,0,4,Campaign delivery problem needs technical validation.,65.0,48,1,3355.8545270730556,0,Sunday,53
TKT-0032,2026-02-25 21:39:00,2026-02-27 03:39:00,Critical,Account Access,Chat,Team C,Resolved,0,4,Policy related question needs accurate guidance from knowledge base.,30.0,6,1,2254.4545270730555,21,Wednesday,68
TKT-0033,2026-02-14 15:59:00,2026-02-16 11:59:00,Medium,Login Issue,Web Form,Team B,Resolved,0,4,User cannot access account and has contacted support multiple times.,44.0,24,1,2524.121193739722,15,Saturday,68
TKT-0034,2026-03-15 10:04:00,2026-03-17 23:04:00,Low,Ad Review,Email,Team B,Resolved,0,4,User cannot access account and has contacted support multiple times.,61.0,48,1,1834.0378604063887,10,Sunday,68
TKT-0035,2026-01-17 09:25:00,,High,Login Issue,Chat,Team B,Pending,1,3,User cannot access account and has contacted support multiple times.,37.0,12,1,3202.687860406389,9,Saturday,68
TKT-0036,2026-03-03 04:20:00,2026-03-06 05:20:00,Low,Ad Review,Email,Team C,Resolved,0,4,Billing issue requires review and possible refund investigation.,73.0,48,1,2127.771193739722,4,Tuesday,64
TKT-0037,2026-03-30 15:39:00,2026-04-01 03:39:00,Low,Billing,Email,Team B,Resolved,0,5,Customer is waiting for urgent resolution and needs clear next steps.,36.0,48,0,1468.4545270730555,15,Monday,69
TKT-0038,2026-02-01 07:17:00,2026-02-02 16:17:00,High,Policy Question,Web Form,Team C,Resolved,0,3,Billing issue requires review and possible refund investigation.,33.0,12,1,2844.8211937397223,7,Sunday,64
TKT-0039,2026-01-16 14:17:00,2026-01-18 00:17:00,Low,Payment,Chat,Specialist Team,Resolved,0,5,Customer is waiting for urgent resolution and needs clear next steps.,34.0,48,0,3221.8211937397223,14,Friday,69
TKT-0040,2026-02-14 19:05:00,2026-02-15 20:05:00,Medium,Login Issue,Email,Team C,Resolved,1,2,Campaign delivery problem needs technical validation.,25.0,24,1,2521.021193739722,19,Saturday,53
TKT-0041,2026-02-16 01:39:00,2026-02-17 17:39:00,Low,Account Access,Chat,Team A,Resolved,0,5,User cannot access account and has contacted support multiple times.,40.0,48,0,2490.4545270730555,1,Monday,68
TKT-0042,2026-02-23 13:40:00,2026-02-25 11:40:00,Medium,Policy Question,Chat,Team C,Resolved,1,3,Customer is waiting for urgent resolution and needs clear next steps.,46.0,24,1,2310.437860406389,13,Monday,69
TKT-0043,2026-02-13 01:02:00,,Low,Payment,Chat,Specialist Team,Open,0,5,Campaign delivery problem needs technical validation.,37.0,48,0,2563.0711937397223,1,Friday,53
TKT-0044,2026-03-26 19:34:00,2026-03-28 01:34:00,High,Technical Bug,Phone,Team B,Resolved,0,3,User cannot access account and has contacted support multiple times.,30.0,12,1,1560.5378604063887,19,Thursday,68
TKT-0045,2026-03-11 09:22:00,2026-03-11 15:22:00,Critical,Policy Question,Chat,Team A,Resolved,0,5,User cannot access account and has contacted support multiple times.,6.0,6,0,1930.7378604063888,9,Wednesday,68
TKT-0046,2026-01-10 18:05:00,2026-01-12 14:05:00,Medium,Technical Bug,Phone,Team B,Resolved,1,3,Campaign delivery problem needs technical validation.,44.0,24,1,3362.021193739722,18,Saturday,53
TKT-0047,2026-01-01 22:16:00,,Medium,Ad Review,Phone,Team B,Pending,1,3,User cannot access account and has contacted support multiple times.,37.0,24,1,3573.8378604063887,22,Thursday,68
TKT-0048,2026-01-01 12:21:00,2026-01-03 05:21:00,Medium,Technical Bug,Phone,Team B,Resolved,1,3,Customer is waiting for urgent resolution and needs clear next steps.,41.0,24,1,3583.7545270730557,12,Thursday,69
TKT-0049,2026-01-25 21:25:00,2026-01-27 18:25:00,Medium,Technical Bug,Email,Team C,Resolved,1,2,User cannot access account and has contacted support multiple times.,45.0,24,1,2998.687860406389,21,Sunday,68
TKT-0050,2026-03-08 19:48:00,2026-03-10 06:48:00,Medium,Technical Bug,Chat,Team C,Resolved,0,3,Campaign delivery problem needs technical validation.,35.0,24,1,1992.3045270730554,19,Sunday,53
TKT-0051,2026-03-28 14:08:00,2026-03-29 03:08:00,High,Policy Question,Email,Team B,Resolved,1,3,Customer is waiting for urgent resolution and needs clear next steps.,13.0,12,1,1517.9711937397221,14,Saturday,69
TKT-0052,2026-03-06 14:53:00,2026-03-08 15:53:00,Medium,Billing,Email,Team B,Resolved,0,4,Policy related question needs accurate guidance from knowledge base.,49.0,24,1,2045.2211937397221,14,Friday,68
TKT-0053,2026-01-17 00:42:00,2026-01-17 22:42:00,Medium,Payment,Web Form,Team C,Closed,0,5,User cannot access account and has contacted support multiple times.,22.0,24,0,3211.4045270730553,0,Saturday,68
TKT-0054,2026-02-09 17:47:00,2026-02-10 23:47:00,Medium,Technical Bug,Web Form,Specialist Team,Resolved,0,4,Policy related question needs accurate guidance from knowledge base.,30.0,24,1,2642.3211937397223,17,Monday,68
TKT-0055,2026-02-04 04:04:00,2026-02-06 18:04:00,Medium,Ad Review,Phone,Team C,Resolved,0,4,Billing issue requires review and possible refund investigation.,62.0,24,1,2776.037860406389,4,Wednesday,64
TKT-0056,2026-01-18 07:44:00,2026-01-21 02:44:00,Low,Technical Bug,Phone,Team C,Resolved,0,3,User cannot access account and has contacted support multiple times.,67.0,48,1,3180.371193739722,7,Sunday,68
TKT-0057,2026-02-23 12:05:00,2026-02-23 18:05:00,Critical,Billing,Phone,Specialist Team,Closed,0,5,Billing issue requires review and possible refund investigation.,6.0,6,0,2312.021193739722,12,Monday,64
TKT-0058,2026-03-08 08:13:00,2026-03-09 01:13:00,High,Login Issue,Email,Team A,Closed,1,3,User cannot access account and has contacted support multiple times.,17.0,12,1,2003.8878604063889,8,Sunday,68
TKT-0059,2026-03-29 03:17:00,,High,Payment,Phone,Team B,Open,1,3,User cannot access account and has contacted support multiple times.,37.0,12,1,1504.8211937397223,3,Sunday,68
TKT-0060,2026-01-01 22:31:00,2026-01-04 02:31:00,Medium,Technical Bug,Phone,Team B,Resolved,1,3,Customer is waiting for urgent resolution and needs clear next steps.,52.0,24,1,3573.5878604063887,22,Thursday,69
TKT-0061,2026-02-25 17:48:00,,Medium,Technical Bug,Email,Team B,Open,1,3,Customer is waiting for urgent resolution and needs clear next steps.,37.0,24,1,2258.3045270730554,17,Wednesday,69
TKT-0062,2026-03-09 09:24:00,2026-03-10 14:24:00,Critical,Account Access,Email,Team C,Closed,1,3,Billing issue requires review and possible refund investigation.,29.0,6,1,1978.7045270730555,9,Monday,64
TKT-0063,2026-01-26 17:15:00,2026-01-28 02:15:00,Critical,Technical Bug,Phone,Team B,Closed,1,3,Campaign delivery problem needs technical validation.,33.0,6,1,2978.8545270730556,17,Monday,53
TKT-0064,2026-02-05 01:46:00,2026-02-06 15:46:00,Low,Payment,Web Form,Specialist Team,Resolved,0,5,Campaign delivery problem needs technical validation.,38.0,48,0,2754.3378604063887,1,Thursday,53
TKT-0065,2026-01-09 16:58:00,2026-01-10 20:58:00,Critical,Login Issue,Chat,Specialist Team,Resolved,1,2,Billing issue requires review and possible refund investigation.,28.0,6,1,3387.137860406389,16,Friday,64
TKT-0066,2026-03-11 15:41:00,2026-03-13 15:41:00,Low,Technical Bug,Web Form,Team A,Resolved,0,5,User cannot access account and has contacted support multiple times.,48.0,48,0,1924.4211937397222,15,Wednesday,68
TKT-0067,2026-03-27 18:57:00,,High,Account Access,Chat,Specialist Team,Pending,1,3,Policy related question needs accurate guidance from knowledge base.,37.0,12,1,1537.1545270730555,18,Friday,68
TKT-0068,2026-02-03 04:15:00,2026-02-05 09:15:00,Low,Ad Review,Email,Team C,Resolved,0,4,Customer is waiting for urgent resolution and needs clear next steps.,53.0,48,1,2799.8545270730556,4,Tuesday,69
TKT-0069,2026-03-12 18:24:00,2026-03-14 05:24:00,Medium,Account Access,Chat,Specialist Team,Resolved,1,3,Policy related question needs accurate guidance from knowledge base.,35.0,24,1,1897.7045270730555,18,Thursday,68
TKT-0070,2026-03-03 19:08:00,,Medium,Account Access,Chat,Team A,Open,0,3,Campaign delivery problem needs technical validation.,37.0,24,1,2112.9711937397224,19,Tuesday,53
TKT-0071,2026-03-16 00:19:00,2026-03-16 10:19:00,High,Policy Question,Email,Team B,Resolved,0,5,Policy related question needs accurate guidance from knowledge base.,10.0,12,0,1819.7878604063887,0,Monday,68
TKT-0072,2026-03-25 22:00:00,2026-03-27 19:00:00,Low,Policy Question,Web Form,Specialist Team,Closed,0,5,User cannot access account and has contacted support multiple times.,45.0,48,0,1582.1045270730556,22,Wednesday,68
TKT-0073,2026-01-27 06:33:00,2026-01-28 19:33:00,Critical,Billing,Web Form,Team A,Closed,1,3,User cannot access account and has contacted support multiple times.,37.0,6,1,2965.5545270730554,6,Tuesday,68
TKT-0074,2026-01-07 17:41:00,2026-01-08 08:41:00,High,Login Issue,Phone,Specialist Team,Resolved,1,2,User cannot access account and has contacted support multiple times.,15.0,12,1,3434.421193739722,17,Wednesday,68
TKT-0075,2026-03-08 13:16:00,2026-03-11 05:16:00,Low,Account Access,Email,Team A,Resolved,0,4,User cannot access account and has contacted support multiple times.,64.0,48,1,1998.837860406389,13,Sunday,68
TKT-0076,2026-03-23 10:33:00,2026-03-25 11:33:00,Low,Login Issue,Email,Specialist Team,Resolved,1,2,Campaign delivery problem needs technical validation.,49.0,48,1,1641.5545270730554,10,Monday,53
TKT-0077,2026-01-15 04:16:00,2026-01-18 01:16:00,Low,Technical Bug,Phone,Team B,Resolved,1,3,Billing issue requires review and possible refund investigation.,69.0,48,1,3255.8378604063887,4,Thursday,64
TKT-0078,2026-03-09 23:12:00,,Low,Ad Review,Email,Team B,Pending,1,3,User cannot access account and has contacted support multiple times.,37.0,48,0,1964.9045270730555,23,Monday,68
TKT-0079,2026-03-21 17:14:00,,Low,Ad Review,Email,Specialist Team,Open,0,3,Customer is waiting for urgent resolution and needs clear next steps.,37.0,48,0,1682.8711937397222,17,Saturday,69
TKT-0080,2026-01-26 07:59:00,2026-01-28 03:59:00,Medium,Login Issue,Email,Team B,Resolved,1,3,Campaign delivery problem needs technical validation.,44.0,24,1,2988.121193739722,7,Monday,53
TKT-0081,2026-02-23 22:46:00,2026-02-25 16:46:00,Low,Billing,Chat,Team C,Resolved,0,4,Campaign delivery problem needs technical validation.,42.0,48,0,2301.3378604063887,22,Monday,53
TKT-0082,2026-01-06 18:19:00,2026-01-09 00:19:00,Medium,Technical Bug,Phone,Team C,Resolved,1,3,Customer is waiting for urgent resolution and needs clear next steps.,54.0,24,1,3457.787860406389,18,Tuesday,69
TKT-0083,2026-03-02 07:26:00,2026-03-03 07:26:00,Critical,Billing,Chat,Specialist Team,Closed,1,3,Customer is waiting for urgent resolution and needs clear next steps.,24.0,6,1,2148.671193739722,7,Monday,69
TKT-0084,2026-01-09 17:45:00,2026-01-11 15:45:00,Medium,Ad Review,Web Form,Team B,Resolved,0,4,Campaign delivery problem needs technical validation.,46.0,24,1,3386.3545270730556,17,Friday,53
TKT-0085,2026-02-12 15:51:00,2026-02-13 19:51:00,Medium,Technical Bug,Email,Specialist Team,Resolved,0,4,Billing issue requires review and possible refund investigation.,28.0,24,1,2572.2545270730557,15,Thursday,64
TKT-0086,2026-02-03 14:47:00,2026-02-05 13:47:00,Low,Account Access,Phone,Team C,Resolved,0,4,Customer is waiting for urgent resolution and needs clear next steps.,47.0,48,0,2789.3211937397223,14,Tuesday,69
TKT-0087,2026-02-15 01:47:00,2026-02-15 17:47:00,High,Ad Review,Phone,Team C,Closed,0,4,Customer is waiting for urgent resolution and needs clear next steps.,16.0,12,1,2514.3211937397223,1,Sunday,69
TKT-0088,2026-02-10 05:06:00,2026-02-12 10:06:00,Medium,Technical Bug,Web Form,Team C,Closed,1,3,User cannot access account and has contacted support multiple times.,53.0,24,1,2631.0045270730557,5,Tuesday,68
TKT-0089,2026-01-02 19:51:00,,Critical,Ad Review,Chat,Team B,Open,1,2,Customer is waiting for urgent resolution and needs clear next steps.,37.0,6,1,3552.2545270730557,19,Friday,69
TKT-0090,2026-03-29 16:12:00,2026-03-30 14:12:00,Medium,Login Issue,Chat,Specialist Team,Resolved,0,5,Policy related question needs accurate guidance from knowledge base.,22.0,24,0,1491.9045270730555,16,Sunday,68
TKT-0091,2026-02-25 22:10:00,2026-02-26 05:10:00,Critical,Billing,Email,Team C,Resolved,1,2,Campaign delivery problem needs technical validation.,7.0,6,1,2253.937860406389,22,Wednesday,53
TKT-0092,2026-01-30 21:14:00,2026-02-02 05:14:00,Low,Technical Bug,Chat,Team A,Resolved,0,4,Billing issue requires review and possible refund investigation.,56.0,48,1,2878.871193739722,21,Friday,64
TKT-0093,2026-02-14 18:12:00,2026-02-15 21:12:00,Medium,Login Issue,Chat,Team B,Resolved,0,4,Billing issue requires review and possible refund investigation.,27.0,24,1,2521.9045270730553,18,Saturday,64
TKT-0094,2026-01-12 09:25:00,,Low,Login Issue,Chat,Team A,Pending,1,3,User cannot access account and has contacted support multiple times.,37.0,48,0,3322.687860406389,9,Monday,68
TKT-0095,2026-03-18 20:58:00,2026-03-20 01:58:00,Medium,Ad Review,Chat,Team A,Resolved,0,3,User cannot access account and has contacted support multiple times.,29.0,24,1,1751.1378604063889,20,Wednesday,68
TKT-0096,2026-01-14 03:23:00,2026-01-14 21:23:00,Medium,Login Issue,Web Form,Team C,Resolved,0,4,Policy related question needs accurate guidance from knowledge base.,18.0,24,0,3280.7211937397224,3,Wednesday,68
TKT-0097,2026-03-02 00:13:00,,Low,Ad Review,Chat,Team A,Pending,1,2,User cannot access account and has contacted support multiple times.,37.0,48,0,2155.887860406389,0,Monday,68
TKT-0098,2026-01-03 06:52:00,2026-01-04 19:52:00,Medium,Payment,Phone,Team B,Resolved,1,3,Policy related question needs accurate guidance from knowledge base.,37.0,24,1,3541.237860406389,6,Saturday,68
TKT-0099,2026-03-24 20:04:00,2026-03-27 00:04:00,Medium,Policy Question,Web Form,Team B,Resolved,1,2,Billing issue requires review and possible refund investigation.,52.0,24,1,1608.0378604063887,20,Tuesday,64
TKT-0100,2026-03-12 06:18:00,,Medium,Technical Bug,Email,Team C,Open,0,4,Billing issue requires review and possible refund investigation.,37.0,24,1,1909.8045270730554,6,Thursday,64
TKT-0101,2026-02-03 23:25:00,2026-02-04 17:25:00,High,Login Issue,Email,Specialist Team,Resolved,0,4,Campaign delivery problem needs technical validation.,18.0,12,1,2780.687860406389,23,Tuesday,53
TKT-0102,2026-01-29 01:08:00,2026-01-30 12:08:00,Low,Account Access,Chat,Specialist Team,Resolved,0,5,Policy related question needs accurate guidance from knowledge base.,35.0,48,0,2922.9711937397224,1,Thursday,68
TKT-0103,2026-01-30 15:09:00,2026-01-31 15:09:00,Medium,Login Issue,Chat,Team A,Resolved,0,5,Billing issue requires review and possible refund investigation.,24.0,24,0,2884.9545270730555,15,Friday,64
TKT-0104,2026-01-22 22:53:00,2026-01-24 08:53:00,Critical,Technical Bug,Phone,Team A,Resolved,0,4,User cannot access account and has contacted support multiple times.,34.0,6,1,3069.2211937397224,22,Thursday,68
TKT-0105,2026-03-11 08:39:00,2026-03-13 04:39:00,High,Policy Question,Web Form,Team B,Resolved,1,2,User cannot access account and has contacted support multiple times.,44.0,12,1,1931.4545270730555,8,Wednesday,68
TKT-0106,2026-03-07 19:22:00,2026-03-10 12:22:00,Low,Login Issue,Chat,Team A,Closed,0,3,Billing issue requires review and possible refund investigation.,65.0,48,1,2016.7378604063888,19,Saturday,64
TKT-0107,2026-01-21 10:24:00,2026-01-22 23:24:00,Medium,Account Access,Phone,Specialist Team,Resolved,0,3,Billing issue requires review and possible refund investigation.,37.0,24,1,3105.7045270730555,10,Wednesday,64
TKT-0108,2026-03-18 14:32:00,2026-03-20 13:32:00,Medium,Billing,Email,Specialist Team,Resolved,0,4,User cannot access account and has contacted support multiple times.,47.0,24,1,1757.5711937397223,14,Wednesday,68
TKT-0109,2026-03-23 02:25:00,2026-03-25 07:25:00,Low,Login Issue,Phone,Specialist Team,Resolved,0,3,Customer is waiting for urgent resolution and needs clear next steps.,53.0,48,1,1649.6878604063888,2,Monday,69
TKT-0110,2026-01-08 06:40:00,2026-01-09 15:40:00,Low,Payment,Phone,Team A,Closed,0,5,User cannot access account and has contacted support multiple times.,33.0,48,0,3421.437860406389,6,Thursday,68
TKT-0111,2026-01-05 17:54:00,,Low,Account Access,Email,Team B,Pending,0,5,Billing issue requires review and possible refund investigation.,37.0,48,0,3482.2045270730555,17,Monday,64
TKT-0112,2026-01-29 12:43:00,2026-01-30 12:43:00,High,Login Issue,Email,Team C,Resolved,1,3,User cannot access account and has contacted support multiple times.,24.0,12,1,2911.387860406389,12,Thursday,68
TKT-0113,2026-02-13 17:32:00,2026-02-15 11:32:00,Critical,Technical Bug,Chat,Team C,Resolved,1,3,User cannot access account and has contacted support multiple times.,42.0,6,1,2546.5711937397223,17,Friday,68
TKT-0114,2026-03-11 04:10:00,2026-03-12 16:10:00,Medium,Ad Review,Phone,Specialist Team,Closed,1,2,Customer is waiting for urgent resolution and needs clear next steps.,36.0,24,1,1935.9378604063888,4,Wednesday,69
TKT-0115,2026-03-03 17:55:00,2026-03-05 21:55:00,Medium,Account Access,Email,Team C,Resolved,0,4,Billing issue requires review and possible refund investigation.,52.0,24,1,2114.187860406389,17,Tuesday,64
TKT-0116,2026-03-06 11:23:00,2026-03-08 17:23:00,Medium,Ad Review,Phone,Team A,Resolved,0,4,Billing issue requires review and possible refund investigation.,54.0,24,1,2048.7211937397224,11,Friday,64
TKT-0117,2026-03-30 09:16:00,2026-03-31 05:16:00,Medium,Policy Question,Phone,Team A,Resolved,0,5,Policy related question needs accurate guidance from knowledge base.,20.0,24,0,1474.837860406389,9,Monday,68
TKT-0118,2026-03-16 02:26:00,2026-03-17 10:26:00,Medium,Billing,Chat,Specialist Team,Resolved,1,3,Customer is waiting for urgent resolution and needs clear next steps.,32.0,24,1,1817.6711937397222,2,Monday,69
TKT-0119,2026-03-02 21:19:00,2026-03-05 06:19:00,Low,Ad Review,Chat,Specialist Team,Resolved,1,2,Campaign delivery problem needs technical validation.,57.0,48,1,2134.787860406389,21,Monday,53
TKT-0120,2026-01-28 09:08:00,2026-01-30 19:08:00,Low,Policy Question,Chat,Team B,Resolved,0,3,Billing issue requires review and possible refund investigation.,58.0,48,1,2938.9711937397224,9,Wednesday,64
TKT-0121,2026-03-10 22:51:00,2026-03-13 08:51:00,Low,Billing,Email,Team C,Resolved,0,4,User cannot access account and has contacted support multiple times.,58.0,48,1,1941.2545270730554,22,Tuesday,68
TKT-0122,2026-01-29 12:57:00,2026-01-31 05:57:00,Low,Billing,Email,Specialist Team,Resolved,0,5,Customer is waiting for urgent resolution and needs clear next steps.,41.0,48,0,2911.1545270730553,12,Thursday,69
TKT-0123,2026-01-03 10:39:00,2026-01-04 16:39:00,Medium,Login Issue,Chat,Specialist Team,Resolved,0,3,Campaign delivery problem needs technical validation.,30.0,24,1,3537.4545270730555,10,Saturday,53
TKT-0124,2026-01-31 03:32:00,2026-02-02 15:32:00,Medium,Ad Review,Email,Specialist Team,Resolved,0,3,Campaign delivery problem needs technical validation.,60.0,24,1,2872.5711937397223,3,Saturday,53
TKT-0125,2026-01-15 01:47:00,2026-01-16 11:47:00,Medium,Login Issue,Chat,Team A,Resolved,1,3,Billing issue requires review and possible refund investigation.,34.0,24,1,3258.3211937397223,1,Thursday,64
TKT-0126,2026-01-10 07:17:00,2026-01-11 19:17:00,Medium,Payment,Web Form,Team C,Resolved,0,4,Customer is waiting for urgent resolution and needs clear next steps.,36.0,24,1,3372.8211937397223,7,Saturday,69
TKT-0127,2026-03-28 22:00:00,2026-03-31 00:00:00,Low,Login Issue,Chat,Team B,Resolved,0,3,User cannot access account and has contacted support multiple times.,50.0,48,1,1510.1045270730556,22,Saturday,68
TKT-0128,2026-03-07 02:58:00,2026-03-08 19:58:00,High,Payment,Web Form,Specialist Team,Closed,0,3,User cannot access account and has contacted support multiple times.,41.0,12,1,2033.1378604063889,2,Saturday,68
TKT-0129,2026-02-22 20:50:00,2026-02-24 11:50:00,Low,Account Access,Email,Team B,Resolved,0,5,Customer is waiting for urgent resolution and needs clear next steps.,39.0,48,0,2327.271193739722,20,Sunday,69
TKT-0130,2026-01-28 22:22:00,2026-01-29 02:22:00,Critical,Payment,Email,Team A,Resolved,0,5,Customer is waiting for urgent resolution and needs clear next steps.,4.0,6,0,2925.737860406389,22,Wednesday,69
TKT-0131,2026-01-09 07:04:00,,High,Policy Question,Phone,Team B,Open,1,2,Campaign delivery problem needs technical validation.,37.0,12,1,3397.037860406389,7,Friday,53
TKT-0132,2026-01-19 14:15:00,2026-01-21 01:15:00,Low,Billing,Email,Team A,Closed,0,4,Billing issue requires review and possible refund investigation.,35.0,48,0,3149.8545270730556,14,Monday,64
TKT-0133,2026-03-23 18:06:00,2026-03-25 20:06:00,Low,Policy Question,Chat,Team C,Resolved,1,3,Billing issue requires review and possible refund investigation.,50.0,48,1,1634.0045270730554,18,Monday,64
TKT-0134,2026-02-18 13:03:00,2026-02-19 23:03:00,High,Ad Review,Phone,Specialist Team,Resolved,1,3,Customer is waiting for urgent resolution and needs clear next steps.,34.0,12,1,2431.0545270730554,13,Wednesday,69
TKT-0135,2026-03-16 19:33:00,2026-03-18 21:33:00,High,Ad Review,Web Form,Team A,Resolved,0,3,Billing issue requires review and possible refund investigation.,50.0,12,1,1800.5545270730554,19,Monday,64
TKT-0136,2026-01-30 09:27:00,2026-01-31 15:27:00,Low,Login Issue,Phone,Team A,Resolved,0,5,Campaign delivery problem needs technical validation.,30.0,48,0,2890.6545270730553,9,Friday,53
TKT-0137,2026-02-01 19:31:00,2026-02-03 07:31:00,Medium,Policy Question,Phone,Team B,Closed,0,4,Campaign delivery problem needs technical validation.,36.0,24,1,2832.5878604063887,19,Sunday,53
TKT-0138,2026-01-29 15:07:00,2026-01-31 04:07:00,Critical,Policy Question,Email,Specialist Team,Closed,0,4,Campaign delivery problem needs technical validation.,37.0,6,1,2908.987860406389,15,Thursday,53
TKT-0139,2026-01-16 00:27:00,2026-01-17 03:27:00,High,Billing,Phone,Team B,Resolved,0,4,User cannot access account and has contacted support multiple times.,27.0,12,1,3235.6545270730553,0,Friday,68
TKT-0140,2026-03-20 23:08:00,2026-03-22 13:08:00,Medium,Policy Question,Email,Team C,Resolved,0,4,Policy related question needs accurate guidance from knowledge base.,38.0,24,1,1700.9711937397221,23,Friday,68
TKT-0141,2026-02-25 12:10:00,2026-02-26 14:10:00,Medium,Payment,Phone,Team B,Resolved,0,3,User cannot access account and has contacted support multiple times.,26.0,24,1,2263.937860406389,12,Wednesday,68
TKT-0142,2026-03-28 23:12:00,2026-03-30 20:12:00,Low,Policy Question,Chat,Team B,Closed,0,4,Policy related question needs accurate guidance from knowledge base.,45.0,48,0,1508.9045270730555,23,Saturday,68
TKT-0143,2026-03-01 19:10:00,,Low,Login Issue,Phone,Team A,Pending,0,5,User cannot access account and has contacted support multiple times.,37.0,48,0,2160.937860406389,19,Sunday,68
TKT-0144,2026-03-07 21:09:00,2026-03-09 02:09:00,Critical,Policy Question,Phone,Team C,Resolved,1,3,Billing issue requires review and possible refund investigation.,29.0,6,1,2014.9545270730555,21,Saturday,64
TKT-0145,2026-02-05 13:56:00,2026-02-07 10:56:00,Medium,Billing,Email,Specialist Team,Closed,0,3,Billing issue requires review and possible refund investigation.,45.0,24,1,2742.171193739722,13,Thursday,64
TKT-0146,2026-03-21 09:01:00,,Low,Account Access,Web Form,Team A,Open,0,5,Policy related question needs accurate guidance from knowledge base.,37.0,48,0,1691.087860406389,9,Saturday,68
TKT-0147,2026-03-14 05:54:00,2026-03-15 18:54:00,Low,Payment,Chat,Team B,Resolved,0,5,Billing issue requires review and possible refund investigation.,37.0,48,0,1862.2045270730555,5,Saturday,64
TKT-0148,2026-01-18 00:57:00,2026-01-19 10:57:00,Medium,Policy Question,Web Form,Team B,Closed,0,4,Policy related question needs accurate guidance from knowledge base.,34.0,24,1,3187.1545270730553,0,Sunday,68
TKT-0149,2026-03-12 04:33:00,2026-03-12 22:33:00,Medium,Policy Question,Chat,Team C,Resolved,0,5,Customer is waiting for urgent resolution and needs clear next steps.,18.0,24,0,1911.5545270730554,4,Thursday,69
TKT-0150,2026-01-07 20:16:00,2026-01-08 20:16:00,Medium,Login Issue,Chat,Team C,Closed,0,5,Policy related question needs accurate guidance from knowledge base.,24.0,24,0,3431.8378604063887,20,Wednesday,68
TKT-0151,2026-02-05 07:45:00,2026-02-07 03:45:00,Medium,Billing,Phone,Team C,Closed,0,3,User cannot access account and has contacted support multiple times.,44.0,24,1,2748.3545270730556,7,Thursday,68
TKT-0152,2026-03-09 07:32:00,2026-03-10 07:32:00,High,Billing,Phone,Team A,Resolved,1,3,Customer is waiting for urgent resolution and needs clear next steps.,24.0,12,1,1980.5711937397223,7,Monday,69
TKT-0153,2026-03-13 18:58:00,2026-03-14 18:58:00,Medium,Payment,Phone,Team C,Resolved,0,4,Campaign delivery problem needs technical validation.,24.0,24,0,1873.1378604063889,18,Friday,53
TKT-0154,2026-04-01 06:14:00,2026-04-02 02:14:00,Critical,Technical Bug,Web Form,Team B,Resolved,0,3,User cannot access account and has contacted support multiple times.,20.0,6,1,1429.8711937397222,6,Wednesday,68
TKT-0155,2026-03-22 09:41:00,2026-03-24 05:41:00,Medium,Login Issue,Chat,Team C,Resolved,1,2,User cannot access account and has contacted support multiple times.,44.0,24,1,1666.4211937397222,9,Sunday,68
TKT-0156,2026-03-22 10:22:00,,High,Login Issue,Phone,Specialist Team,Pending,0,3,Billing issue requires review and possible refund investigation.,37.0,12,1,1665.7378604063888,10,Sunday,64
TKT-0157,2026-03-03 10:15:00,2026-03-05 15:15:00,Medium,Ad Review,Web Form,Specialist Team,Resolved,1,3,User cannot access account and has contacted support multiple times.,53.0,24,1,2121.8545270730556,10,Tuesday,68
TKT-0158,2026-02-22 01:54:00,2026-02-24 04:54:00,Medium,Billing,Phone,Team B,Closed,0,4,Customer is waiting for urgent resolution and needs clear next steps.,51.0,24,1,2346.2045270730555,1,Sunday,69
TKT-0159,2026-02-06 03:04:00,2026-02-07 19:04:00,Medium,Ad Review,Email,Team B,Resolved,0,4,User cannot access account and has contacted support multiple times.,40.0,24,1,2729.037860406389,3,Friday,68
TKT-0160,2026-03-11 00:50:00,2026-03-12 06:50:00,Medium,Account Access,Email,Team C,Resolved,1,3,Campaign delivery problem needs technical validation.,30.0,24,1,1939.271193739722,0,Wednesday,53
TKT-0161,2026-01-21 07:35:00,2026-01-24 03:35:00,Low,Technical Bug,Chat,Team B,Resolved,1,3,User cannot access account and has contacted support multiple times.,68.0,48,1,3108.521193739722,7,Wednesday,68
TKT-0162,2026-03-26 04:15:00,2026-03-27 18:15:00,Medium,Account Access,Email,Team B,Resolved,0,3,Billing issue requires review and possible refund investigation.,38.0,24,1,1575.8545270730556,4,Thursday,64
TKT-0163,2026-03-21 19:23:00,2026-03-23 12:23:00,Medium,Payment,Email,Team B,Resolved,1,2,Customer is waiting for urgent resolution and needs clear next steps.,41.0,24,1,1680.7211937397221,19,Saturday,69
TKT-0164,2026-02-26 17:51:00,2026-02-27 04:51:00,Critical,Account Access,Web Form,Specialist Team,Resolved,0,4,Customer is waiting for urgent resolution and needs clear next steps.,11.0,6,1,2234.2545270730557,17,Thursday,69
TKT-0165,2026-03-04 19:21:00,2026-03-06 16:21:00,Medium,Account Access,Chat,Team C,Resolved,1,3,Billing issue requires review and possible refund investigation.,45.0,24,1,2088.7545270730557,19,Wednesday,64
TKT-0166,2026-02-20 07:22:00,2026-02-22 07:22:00,High,Technical Bug,Phone,Team C,Resolved,1,3,Customer is waiting for urgent resolution and needs clear next steps.,48.0,12,1,2388.737860406389,7,Friday,69
TKT-0167,2026-02-26 19:12:00,2026-02-27 23:12:00,Medium,Ad Review,Chat,Team A,Resolved,0,4,Policy related question needs accurate guidance from knowledge base.,28.0,24,1,2232.9045270730553,19,Thursday,68
TKT-0168,2026-01-09 19:25:00,2026-01-11 19:25:00,Medium,Billing,Email,Team B,Resolved,0,3,Policy related question needs accurate guidance from knowledge base.,48.0,24,1,3384.687860406389,19,Friday,68
TKT-0169,2026-03-06 12:39:00,2026-03-07 20:39:00,Low,Payment,Email,Team B,Closed,0,5,User cannot access account and has contacted support multiple times.,32.0,48,0,2047.4545270730555,12,Friday,68
TKT-0170,2026-01-18 15:42:00,2026-01-19 21:42:00,Low,Billing,Web Form,Team A,Resolved,0,5,Billing issue requires review and possible refund investigation.,30.0,48,0,3172.4045270730553,15,Sunday,64
TKT-0171,2026-02-14 08:55:00,2026-02-15 11:55:00,Medium,Technical Bug,Email,Team C,Resolved,0,4,Campaign delivery problem needs technical validation.,27.0,24,1,2531.187860406389,8,Saturday,53
TKT-0172,2026-03-31 10:02:00,2026-04-01 22:02:00,High,Policy Question,Web Form,Specialist Team,Resolved,0,3,User cannot access account and has contacted support multiple times.,36.0,12,1,1450.0711937397223,10,Tuesday,68
TKT-0173,2026-03-23 11:49:00,,Medium,Billing,Email,Specialist Team,Open,0,4,Customer is waiting for urgent resolution and needs clear next steps.,37.0,24,1,1640.2878604063887,11,Monday,69
TKT-0174,2026-01-02 22:43:00,2026-01-03 23:43:00,Medium,Policy Question,Email,Team B,Resolved,1,2,Policy related question needs accurate guidance from knowledge base.,25.0,24,1,3549.387860406389,22,Friday,68
TKT-0175,2026-02-11 16:28:00,2026-02-12 09:28:00,High,Login Issue,Email,Team C,Closed,1,2,Policy related question needs accurate guidance from knowledge base.,17.0,12,1,2595.637860406389,16,Wednesday,68
TKT-0176,2026-03-27 08:29:00,2026-03-28 10:29:00,Medium,Ad Review,Email,Team A,Resolved,0,3,Policy related question needs accurate guidance from knowledge base.,26.0,24,1,1547.6211937397222,8,Friday,68
TKT-0177,2026-01-14 22:24:00,2026-01-15 19:24:00,Medium,Payment,Chat,Specialist Team,Resolved,0,4,Campaign delivery problem needs technical validation.,21.0,24,0,3261.7045270730555,22,Wednesday,53
TKT-0178,2026-03-22 12:43:00,2026-03-24 04:43:00,Low,Policy Question,Email,Team C,Resolved,0,5,Campaign delivery problem needs technical validation.,40.0,48,0,1663.3878604063889,12,Sunday,53
TKT-0179,2026-03-08 03:49:00,2026-03-09 12:49:00,High,Ad Review,Phone,Team C,Resolved,0,3,Billing issue requires review and possible refund investigation.,33.0,12,1,2008.2878604063887,3,Sunday,64
TKT-0180,2026-01-03 23:53:00,2026-01-05 20:53:00,Low,Policy Question,Phone,Specialist Team,Resolved,0,4,Campaign delivery problem needs technical validation.,45.0,48,0,3524.2211937397224,23,Saturday,53
TKT-0181,2026-02-10 07:51:00,2026-02-11 17:51:00,Medium,Payment,Email,Team C,Resolved,1,3,Billing issue requires review and possible refund investigation.,34.0,24,1,2628.2545270730557,7,Tuesday,64
TKT-0182,2026-01-25 08:51:00,2026-01-27 03:51:00,High,Account Access,Chat,Team C,Closed,1,3,Policy related question needs accurate guidance from knowledge base.,43.0,12,1,3011.2545270730557,8,Sunday,68
TKT-0183,2026-03-25 01:51:00,2026-03-25 22:51:00,Medium,Policy Question,Chat,Team C,Closed,0,5,User cannot access account and has contacted support multiple times.,21.0,24,0,1602.2545270730554,1,Wednesday,68
TKT-0184,2026-02-13 19:37:00,2026-02-15 13:37:00,High,Policy Question,Web Form,Specialist Team,Resolved,0,4,Campaign delivery problem needs technical validation.,42.0,12,1,2544.487860406389,19,Friday,53
TKT-0185,2026-03-31 06:57:00,2026-04-02 20:57:00,Low,Policy Question,Phone,Specialist Team,Resolved,1,3,Customer is waiting for urgent resolution and needs clear next steps.,62.0,48,1,1453.1545270730555,6,Tuesday,69
TKT-0186,2026-02-01 04:51:00,,High,Ad Review,Phone,Specialist Team,Open,1,3,Billing issue requires review and possible refund investigation.,37.0,12,1,2847.2545270730557,4,Sunday,64
TKT-0187,2026-01-19 10:23:00,2026-01-21 00:23:00,Medium,Policy Question,Email,Team B,Resolved,1,2,Policy related question needs accurate guidance from knowledge base.,38.0,24,1,3153.7211937397224,10,Monday,68
TKT-0188,2026-01-04 20:06:00,,Low,Policy Question,Web Form,Team B,Open,0,5,Campaign delivery problem needs technical validation.,37.0,48,0,3504.0045270730557,20,Sunday,53
TKT-0189,2026-01-17 21:28:00,2026-01-18 07:28:00,High,Policy Question,Chat,Team C,Resolved,0,5,Customer is waiting for urgent resolution and needs clear next steps.,10.0,12,0,3190.637860406389,21,Saturday,69
TKT-0190,2026-01-06 00:03:00,,Low,Ad Review,Web Form,Specialist Team,Open,0,4,Campaign delivery problem needs technical validation.,37.0,48,0,3476.0545270730554,0,Tuesday,53
TKT-0191,2026-01-21 19:45:00,,Critical,Ad Review,Phone,Team B,Pending,0,4,User cannot access account and has contacted support multiple times.,37.0,6,1,3096.3545270730556,19,Wednesday,68
TKT-0192,2026-03-05 15:15:00,,Critical,Login Issue,Chat,Team A,Open,1,2,Customer is waiting for urgent resolution and needs clear next steps.,37.0,6,1,2068.8545270730556,15,Thursday,69
TKT-0193,2026-01-09 08:16:00,2026-01-09 22:16:00,High,Payment,Web Form,Team A,Resolved,0,3,Billing issue requires review and possible refund investigation.,14.0,12,1,3395.8378604063887,8,Friday,64
TKT-0194,2026-03-17 15:48:00,2026-03-19 09:48:00,Medium,Technical Bug,Phone,Team C,Resolved,0,4,User cannot access account and has contacted support multiple times.,42.0,24,1,1780.3045270730554,15,Tuesday,68
TKT-0195,2026-03-17 15:15:00,2026-03-18 11:15:00,High,Payment,Email,Specialist Team,Closed,1,3,Customer is waiting for urgent resolution and needs clear next steps.,20.0,12,1,1780.8545270730556,15,Tuesday,69
TKT-0196,2026-03-06 00:56:00,2026-03-07 08:56:00,High,Policy Question,Web Form,Team A,Closed,0,4,Billing issue requires review and possible refund investigation.,32.0,12,1,2059.171193739722,0,Friday,64
TKT-0197,2026-02-10 05:30:00,2026-02-12 09:30:00,Low,Ad Review,Chat,Team C,Closed,1,3,Policy related question needs accurate guidance from knowledge base.,52.0,48,1,2630.6045270730556,5,Tuesday,68
TKT-0198,2026-01-26 00:28:00,2026-01-27 07:28:00,High,Ad Review,Web Form,Specialist Team,Resolved,1,3,Billing issue requires review and possible refund investigation.,31.0,12,1,2995.637860406389,0,Monday,64
TKT-0199,2026-01-29 23:16:00,2026-01-31 08:16:00,Medium,Ad Review,Web Form,Specialist Team,Resolved,0,3,User cannot access account and has contacted support multiple times.,33.0,24,1,2900.8378604063887,23,Thursday,68
TKT-0200,2026-03-23 19:53:00,,Low,Ad Review,Chat,Team C,Pending,0,4,Customer is waiting for urgent resolution and needs clear next steps.,37.0,48,0,1632.2211937397221,19,Monday,69
TKT-0201,2026-03-08 22:18:00,,Medium,Login Issue,Email,Team C,Pending,1,2,Billing issue requires review and possible refund investigation.,37.0,24,1,1989.8045270730554,22,Sunday,64
TKT-0202,2026-03-29 12:08:00,2026-03-31 05:08:00,Medium,Policy Question,Phone,Team B,Resolved,0,4,Billing issue requires review and possible refund investigation.,41.0,24,1,1495.9711937397221,12,Sunday,64
TKT-0203,2026-02-01 04:08:00,2026-02-02 00:08:00,High,Account Access,Chat,Team B,Resolved,0,3,Campaign delivery problem needs technical validation.,20.0,12,1,2847.9711937397224,4,Sunday,53
TKT-0204,2026-02-17 01:11:00,2026-02-18 19:11:00,Low,Account Access,Chat,Team C,Resolved,0,4,Policy related question needs accurate guidance from knowledge base.,42.0,48,0,2466.921193739722,1,Tuesday,68
TKT-0205,2026-03-11 23:53:00,2026-03-13 01:53:00,High,Billing,Phone,Team C,Closed,0,4,Campaign delivery problem needs technical validation.,26.0,12,1,1916.2211937397221,23,Wednesday,53
TKT-0206,2026-03-23 16:08:00,2026-03-25 20:08:00,High,Ad Review,Chat,Team B,Closed,1,3,Billing issue requires review and possible refund investigation.,52.0,12,1,1635.9711937397221,16,Monday,64
TKT-0207,2026-01-02 03:22:00,2026-01-04 03:22:00,Medium,Technical Bug,Email,Team A,Closed,0,4,Campaign delivery problem needs technical validation.,48.0,24,1,3568.737860406389,3,Friday,53
TKT-0208,2026-01-11 18:18:00,2026-01-13 10:18:00,High,Payment,Web Form,Specialist Team,Resolved,1,3,Customer is waiting for urgent resolution and needs clear next steps.,40.0,12,1,3337.8045270730554,18,Sunday,69
TKT-0209,2026-02-08 12:39:00,2026-02-11 05:39:00,Low,Billing,Phone,Team C,Closed,1,3,User cannot access account and has contacted support multiple times.,65.0,48,1,2671.4545270730555,12,Sunday,68
TKT-0210,2026-02-14 22:01:00,2026-02-16 10:01:00,High,Payment,Web Form,Team B,Resolved,0,4,Billing issue requires review and possible refund investigation.,36.0,12,1,2518.0878604063887,22,Saturday,64
TKT-0211,2026-01-22 08:29:00,2026-01-23 09:29:00,Medium,Account Access,Phone,Team A,Resolved,0,3,Policy related question needs accurate guidance from knowledge base.,25.0,24,1,3083.621193739722,8,Thursday,68
TKT-0212,2026-02-09 03:55:00,,Low,Payment,Web Form,Specialist Team,Open,0,5,Campaign delivery problem needs technical validation.,37.0,48,0,2656.187860406389,3,Monday,53
TKT-0213,2026-03-14 02:38:00,2026-03-14 13:38:00,High,Account Access,Email,Specialist Team,Closed,1,4,Billing issue requires review and possible refund investigation.,11.0,12,0,1865.4711937397221,2,Saturday,64
TKT-0214,2026-03-16 16:53:00,2026-03-18 05:53:00,Critical,Policy Question,Phone,Specialist Team,Resolved,1,2,Billing issue requires review and possible refund investigation.,37.0,6,1,1803.2211937397221,16,Monday,64
TKT-0215,2026-02-12 21:55:00,2026-02-13 21:55:00,Medium,Payment,Email,Team C,Resolved,0,5,Billing issue requires review and possible refund investigation.,24.0,24,0,2566.187860406389,21,Thursday,64
TKT-0216,2026-03-16 05:12:00,,Medium,Billing,Chat,Team B,Pending,0,4,Customer is waiting for urgent resolution and needs clear next steps.,37.0,24,1,1814.9045270730555,5,Monday,69
TKT-0217,2026-01-08 04:02:00,2026-01-09 22:02:00,High,Account Access,Phone,Team C,Closed,1,3,Billing issue requires review and possible refund investigation.,42.0,12,1,3424.0711937397223,4,Thursday,64
TKT-0218,2026-01-22 02:33:00,2026-01-23 15:33:00,Low,Login Issue,Email,Team C,Resolved,0,4,User cannot access account and has contacted support multiple times.,37.0,48,0,3089.5545270730554,2,Thursday,68
TKT-0219,2026-01-21 21:03:00,2026-01-23 20:03:00,Medium,Account Access,Phone,Team A,Resolved,0,4,Customer is waiting for urgent resolution and needs clear next steps.,47.0,24,1,3095.0545270730554,21,Wednesday,69
TKT-0220,2026-03-29 15:08:00,2026-03-30 22:08:00,High,Technical Bug,Phone,Team C,Closed,1,3,Policy related question needs accurate guidance from knowledge base.,31.0,12,1,1492.9711937397221,15,Sunday,68
TKT-0221,2026-02-08 03:41:00,2026-02-10 08:41:00,Medium,Account Access,Phone,Specialist Team,Resolved,0,4,Customer is waiting for urgent resolution and needs clear next steps.,53.0,24,1,2680.421193739722,3,Sunday,69
TKT-0222,2026-02-11 16:21:00,,Low,Account Access,Web Form,Specialist Team,Open,0,5,User cannot access account and has contacted support multiple times.,37.0,48,0,2595.7545270730557,16,Wednesday,68
TKT-0223,2026-02-25 14:35:00,2026-02-27 10:35:00,Medium,Ad Review,Phone,Team B,Resolved,1,2,Customer is waiting for urgent resolution and needs clear next steps.,44.0,24,1,2261.521193739722,14,Wednesday,69
TKT-0224,2026-03-01 17:28:00,2026-03-03 09:28:00,Medium,Account Access,Web Form,Specialist Team,Closed,1,3,User cannot access account and has contacted support multiple times.,40.0,24,1,2162.637860406389,17,Sunday,68
TKT-0225,2026-03-13 11:21:00,2026-03-15 14:21:00,Medium,Login Issue,Chat,Team C,Resolved,0,4,Billing issue requires review and possible refund investigation.,51.0,24,1,1880.7545270730554,11,Friday,64
TKT-0226,2026-01-23 01:26:00,2026-01-24 16:26:00,High,Billing,Web Form,Team A,Resolved,1,3,Policy related question needs accurate guidance from knowledge base.,39.0,12,1,3066.671193739722,1,Friday,68
TKT-0227,2026-01-20 06:24:00,2026-01-21 12:24:00,High,Payment,Web Form,Team C,Resolved,1,2,Policy related question needs accurate guidance from knowledge base.,30.0,12,1,3133.7045270730555,6,Tuesday,68
TKT-0228,2026-03-07 22:41:00,2026-03-09 20:41:00,Medium,Policy Question,Web Form,Specialist Team,Resolved,0,4,Campaign delivery problem needs technical validation.,46.0,24,1,2013.4211937397222,22,Saturday,53
TKT-0229,2026-03-06 16:37:00,,Low,Policy Question,Phone,Team C,Pending,0,5,Campaign delivery problem needs technical validation.,37.0,48,0,2043.4878604063888,16,Friday,53
TKT-0230,2026-01-03 03:01:00,2026-01-05 19:01:00,Low,Account Access,Web Form,Team C,Closed,0,4,Policy related question needs accurate guidance from knowledge base.,64.0,48,1,3545.0878604063887,3,Saturday,68
TKT-0231,2026-03-30 14:46:00,2026-03-31 18:46:00,Medium,Technical Bug,Web Form,Team C,Resolved,0,4,Customer is waiting for urgent resolution and needs clear next steps.,28.0,24,1,1469.337860406389,14,Monday,69
TKT-0232,2026-03-31 23:14:00,,Low,Ad Review,Web Form,Team B,Pending,0,4,Policy related question needs accurate guidance from knowledge base.,37.0,48,0,1436.8711937397222,23,Tuesday,68
TKT-0233,2026-02-28 22:44:00,2026-03-02 15:44:00,Medium,Policy Question,Email,Team B,Resolved,0,4,Policy related question needs accurate guidance from knowledge base.,41.0,24,1,2181.371193739722,22,Saturday,68
TKT-0234,2026-01-31 07:07:00,2026-02-01 19:07:00,Medium,Ad Review,Phone,Specialist Team,Resolved,0,4,Policy related question needs accurate guidance from knowledge base.,36.0,24,1,2868.987860406389,7,Saturday,68
TKT-0235,2026-02-02 10:26:00,,Low,Payment,Email,Team C,Pending,0,4,Campaign delivery problem needs technical validation.,37.0,48,0,2817.671193739722,10,Monday,53
TKT-0236,2026-01-03 03:50:00,2026-01-05 10:50:00,Low,Payment,Email,Team C,Closed,0,3,Customer is waiting for urgent resolution and needs clear next steps.,55.0,48,1,3544.271193739722,3,Saturday,69
TKT-0237,2026-02-03 21:11:00,2026-02-06 03:11:00,Medium,Account Access,Phone,Team B,Resolved,0,4,User cannot access account and has contacted support multiple times.,54.0,24,1,2782.921193739722,21,Tuesday,68
TKT-0238,2026-03-30 19:48:00,,Medium,Billing,Email,Team A,Open,0,4,Policy related question needs accurate guidance from knowledge base.,37.0,24,1,1464.3045270730554,19,Monday,68
TKT-0239,2026-03-15 19:51:00,2026-03-16 12:51:00,High,Payment,Email,Team C,Closed,1,3,Customer is waiting for urgent resolution and needs clear next steps.,17.0,12,1,1824.2545270730554,19,Sunday,69
TKT-0240,2026-02-15 20:40:00,2026-02-17 14:40:00,Low,Account Access,Email,Team C,Resolved,0,5,Customer is waiting for urgent resolution and needs clear next steps.,42.0,48,0,2495.437860406389,20,Sunday,69
TKT-0241,2026-01-10 15:14:00,2026-01-11 02:14:00,High,Account Access,Email,Specialist Team,Resolved,1,4,User cannot access account and has contacted support multiple times.,11.0,12,0,3364.871193739722,15,Saturday,68
TKT-0242,2026-01-30 22:20:00,2026-02-02 06:20:00,Low,Policy Question,Web Form,Team C,Resolved,0,4,Customer is waiting for urgent resolution and needs clear next steps.,56.0,48,1,2877.771193739722,22,Friday,69
TKT-0243,2026-02-11 19:43:00,2026-02-13 08:43:00,Medium,Payment,Chat,Specialist Team,Resolved,0,4,User cannot access account and has contacted support multiple times.,37.0,24,1,2592.387860406389,19,Wednesday,68
TKT-0244,2026-01-16 06:11:00,2026-01-18 14:11:00,Low,Technical Bug,Chat,Team A,Resolved,0,4,Policy related question needs accurate guidance from knowledge base.,56.0,48,1,3229.921193739722,6,Friday,68
TKT-0245,2026-03-08 03:21:00,2026-03-09 19:21:00,Medium,Billing,Email,Specialist Team,Resolved,0,4,Billing issue requires review and possible refund investigation.,40.0,24,1,2008.7545270730554,3,Sunday,64
TKT-0246,2026-03-01 02:15:00,2026-03-02 13:15:00,Medium,Ad Review,Email,Team C,Resolved,1,3,Billing issue requires review and possible refund investigation.,35.0,24,1,2177.8545270730556,2,Sunday,64
TKT-0247,2026-01-23 03:35:00,2026-01-24 20:35:00,Medium,Policy Question,Chat,Team B,Resolved,0,4,Policy related question needs accurate guidance from knowledge base.,41.0,24,1,3064.521193739722,3,Friday,68
TKT-0248,2026-02-05 20:19:00,2026-02-07 02:19:00,Critical,Account Access,Chat,Team B,Closed,0,3,Campaign delivery problem needs technical validation.,30.0,6,1,2735.787860406389,20,Thursday,53
TKT-0249,2026-03-05 03:34:00,2026-03-06 16:34:00,Low,Account Access,Chat,Team B,Closed,0,5,Policy related question needs accurate guidance from knowledge base.,37.0,48,0,2080.537860406389,3,Thursday,68
TKT-0250,2026-02-16 11:47:00,2026-02-17 22:47:00,High,Technical Bug,Email,Team B,Resolved,0,4,Billing issue requires review and possible refund investigation.,35.0,12,1,2480.3211937397223,11,Monday,64
TKT-0251,2026-02-02 11:42:00,2026-02-03 07:42:00,High,Billing,Phone,Team C,Resolved,1,3,Billing issue requires review and possible refund investigation.,20.0,12,1,2816.4045270730553,11,Monday,64
TKT-0252,2026-01-22 20:52:00,2026-01-24 17:52:00,High,Ad Review,Phone,Specialist Team,Closed,0,4,Billing issue requires review and possible refund investigation.,45.0,12,1,3071.237860406389,20,Thursday,64
TKT-0253,2026-01-31 10:01:00,2026-02-01 05:01:00,Medium,Policy Question,Phone,Specialist Team,Closed,0,4,Campaign delivery problem needs technical validation.,19.0,24,0,2866.0878604063887,10,Saturday,53
TKT-0254,2026-02-12 17:54:00,2026-02-14 05:54:00,Medium,Payment,Email,Team B,Resolved,0,3,User cannot access account and has contacted support multiple times.,36.0,24,1,2570.2045270730555,17,Thursday,68
TKT-0255,2026-01-08 05:25:00,2026-01-10 06:25:00,Low,Login Issue,Web Form,Team B,Resolved,0,3,Billing issue requires review and possible refund investigation.,49.0,48,1,3422.687860406389,5,Thursday,64
TKT-0256,2026-01-31 23:36:00,2026-02-02 10:36:00,High,Account Access,Web Form,Team C,Closed,0,4,Billing issue requires review and possible refund investigation.,35.0,12,1,2852.5045270730557,23,Saturday,64
TKT-0257,2026-01-08 15:56:00,2026-01-09 06:56:00,High,Account Access,Email,Team B,Resolved,1,3,Customer is waiting for urgent resolution and needs clear next steps.,15.0,12,1,3412.171193739722,15,Thursday,69
TKT-0258,2026-03-13 12:44:00,2026-03-15 05:44:00,High,Payment,Chat,Team C,Resolved,0,4,Policy related question needs accurate guidance from knowledge base.,41.0,12,1,1879.3711937397222,12,Friday,68
TKT-0259,2026-03-19 14:32:00,2026-03-22 04:32:00,Low,Payment,Chat,Specialist Team,Closed,0,4,User cannot access account and has contacted support multiple times.,62.0,48,1,1733.5711937397223,14,Thursday,68
TKT-0260,2026-01-08 18:44:00,2026-01-10 12:44:00,High,Account Access,Phone,Team B,Resolved,1,3,User cannot access account and has contacted support multiple times.,42.0,12,1,3409.371193739722,18,Thursday,68
TKT-0261,2026-01-11 11:10:00,2026-01-13 08:10:00,Medium,Technical Bug,Email,Team B,Resolved,0,4,Campaign delivery problem needs technical validation.,45.0,24,1,3344.937860406389,11,Sunday,53
TKT-0262,2026-02-10 22:45:00,2026-02-13 02:45:00,Low,Account Access,Web Form,Team B,Closed,1,2,User cannot access account and has contacted support multiple times.,52.0,48,1,2613.3545270730556,22,Tuesday,68
TKT-0263,2026-02-11 10:21:00,2026-02-12 13:21:00,Medium,Billing,Web Form,Team B,Resolved,0,4,User cannot access account and has contacted support multiple times.,27.0,24,1,2601.7545270730557,10,Wednesday,68
TKT-0264,2026-01-20 20:44:00,2026-01-22 12:44:00,Low,Ad Review,Web Form,Team B,Resolved,0,5,Billing issue requires review and possible refund investigation.,40.0,48,0,3119.371193739722,20,Tuesday,64
TKT-0265,2026-02-03 23:07:00,2026-02-05 11:07:00,High,Technical Bug,Email,Team B,Resolved,1,2,Customer is waiting for urgent resolution and needs clear next steps.,36.0,12,1,2780.987860406389,23,Tuesday,69
TKT-0266,2026-01-09 02:00:00,,Medium,Policy Question,Web Form,Team A,Pending,0,4,Campaign delivery problem needs technical validation.,37.0,24,1,3402.1045270730556,2,Friday,53
TKT-0267,2026-03-16 10:31:00,,Low,Account Access,Phone,Team A,Open,0,3,Policy related question needs accurate guidance from knowledge base.,37.0,48,0,1809.587860406389,10,Monday,68
TKT-0268,2026-02-13 05:41:00,2026-02-15 12:41:00,Low,Login Issue,Email,Team A,Closed,1,3,Policy related question needs accurate guidance from knowledge base.,55.0,48,1,2558.421193739722,5,Friday,68
TKT-0269,2026-01-30 02:06:00,2026-01-31 10:06:00,High,Policy Question,Phone,Team C,Resolved,1,3,User cannot access account and has contacted support multiple times.,32.0,12,1,2898.0045270730557,2,Friday,68
TKT-0270,2026-03-05 08:53:00,2026-03-05 22:53:00,High,Login Issue,Email,Team A,Resolved,0,3,Campaign delivery problem needs technical validation.,14.0,12,1,2075.2211937397224,8,Thursday,53
TKT-0271,2026-01-09 23:13:00,2026-01-11 06:13:00,Medium,Technical Bug,Chat,Team C,Resolved,1,3,Campaign delivery problem needs technical validation.,31.0,24,1,3380.887860406389,23,Friday,53
TKT-0272,2026-03-10 20:05:00,2026-03-11 10:05:00,Critical,Policy Question,Web Form,Specialist Team,Resolved,1,3,Policy related question needs accurate guidance from knowledge base.,14.0,6,1,1944.021193739722,20,Tuesday,68
TKT-0273,2026-03-29 14:27:00,2026-03-31 17:27:00,Low,Billing,Email,Specialist Team,Resolved,1,3,User cannot access account and has contacted support multiple times.,51.0,48,1,1493.6545270730555,14,Sunday,68
TKT-0274,2026-03-06 23:18:00,2026-03-09 11:18:00,Low,Policy Question,Phone,Team B,Resolved,1,3,Campaign delivery problem needs technical validation.,60.0,48,1,2036.8045270730554,23,Friday,53
TKT-0275,2026-01-27 16:25:00,2026-01-28 15:25:00,Critical,Account Access,Email,Team A,Resolved,1,2,Campaign delivery problem needs technical validation.,23.0,6,1,2955.687860406389,16,Tuesday,53
TKT-0276,2026-03-05 05:30:00,,Medium,Login Issue,Phone,Team C,Open,1,3,User cannot access account and has contacted support multiple times.,37.0,24,1,2078.6045270730556,5,Thursday,68
TKT-0277,2026-03-18 16:44:00,2026-03-20 21:44:00,Low,Payment,Phone,Specialist Team,Resolved,0,4,Billing issue requires review and possible refund investigation.,53.0,48,1,1755.3711937397222,16,Wednesday,64
TKT-0278,2026-01-20 19:14:00,2026-01-22 17:14:00,Low,Login Issue,Email,Team B,Resolved,0,5,Policy related question needs accurate guidance from knowledge base.,46.0,48,0,3120.871193739722,19,Tuesday,68
TKT-0279,2026-02-13 06:45:00,2026-02-15 10:45:00,Medium,Account Access,Web Form,Team B,Resolved,1,2,Policy related question needs accurate guidance from knowledge base.,52.0,24,1,2557.3545270730556,6,Friday,68
TKT-0280,2026-01-15 00:54:00,2026-01-17 02:54:00,Medium,Billing,Web Form,Team B,Resolved,0,4,Policy related question needs accurate guidance from knowledge base.,50.0,24,1,3259.2045270730555,0,Thursday,68
TKT-0281,2026-01-18 18:29:00,2026-01-20 22:29:00,High,Technical Bug,Chat,Team B,Resolved,1,3,Policy related question needs accurate guidance from knowledge base.,52.0,12,1,3169.621193739722,18,Sunday,68
TKT-0282,2026-01-11 03:25:00,2026-01-13 06:25:00,Low,Ad Review,Email,Team A,Resolved,1,3,Campaign delivery problem needs technical validation.,51.0,48,1,3352.687860406389,3,Sunday,53
TKT-0283,2026-01-16 07:39:00,2026-01-16 19:39:00,Critical,Login Issue,Email,Team C,Resolved,0,3,Customer is waiting for urgent resolution and needs clear next steps.,12.0,6,1,3228.4545270730555,7,Friday,69
TKT-0284,2026-02-13 23:07:00,2026-02-15 07:07:00,Low,Account Access,Phone,Specialist Team,Closed,0,5,Customer is waiting for urgent resolution and needs clear next steps.,32.0,48,0,2540.987860406389,23,Friday,69
TKT-0285,2026-03-03 01:35:00,2026-03-04 10:35:00,Medium,Account Access,Email,Team A,Resolved,1,3,Customer is waiting for urgent resolution and needs clear next steps.,33.0,24,1,2130.521193739722,1,Tuesday,69
TKT-0286,2026-03-17 09:07:00,2026-03-18 17:07:00,High,Technical Bug,Email,Team A,Resolved,1,2,Campaign delivery problem needs technical validation.,32.0,12,1,1786.9878604063888,9,Tuesday,53
TKT-0287,2026-01-25 22:37:00,2026-01-26 06:37:00,High,Account Access,Phone,Specialist Team,Resolved,0,5,Policy related question needs accurate guidance from knowledge base.,8.0,12,0,2997.487860406389,22,Sunday,68
TKT-0288,2026-03-24 22:55:00,2026-03-26 15:55:00,Low,Policy Question,Email,Team A,Resolved,0,4,Policy related question needs accurate guidance from knowledge base.,41.0,48,0,1605.1878604063888,22,Tuesday,68
TKT-0289,2026-03-09 07:53:00,,Medium,Login Issue,Web Form,Specialist Team,Open,0,4,Billing issue requires review and possible refund investigation.,37.0,24,1,1980.2211937397221,7,Monday,64
TKT-0290,2026-02-26 12:33:00,2026-02-28 04:33:00,Low,Login Issue,Email,Team B,Closed,0,4,Campaign delivery problem needs technical validation.,40.0,48,0,2239.5545270730554,12,Thursday,53
TKT-0291,2026-02-26 21:36:00,2026-02-28 20:36:00,Medium,Ad Review,Phone,Team A,Resolved,1,3,User cannot access account and has contacted support multiple times.,47.0,24,1,2230.5045270730557,21,Thursday,68
TKT-0292,2026-03-20 17:56:00,2026-03-21 12:56:00,Critical,Billing,Chat,Team B,Resolved,1,3,Billing issue requires review and possible refund investigation.,19.0,6,1,1706.1711937397222,17,Friday,64
TKT-0293,2026-01-25 01:44:00,2026-01-27 10:44:00,Low,Account Access,Email,Team B,Resolved,0,4,Billing issue requires review and possible refund investigation.,57.0,48,1,3018.371193739722,1,Sunday,64
TKT-0294,2026-02-10 23:55:00,2026-02-12 04:55:00,High,Login Issue,Email,Team C,Closed,1,2,User cannot access account and has contacted support multiple times.,29.0,12,1,2612.187860406389,23,Tuesday,68
TKT-0295,2026-03-02 03:55:00,2026-03-04 02:55:00,Medium,Technical Bug,Phone,Team A,Closed,0,4,Policy related question needs accurate guidance from knowledge base.,47.0,24,1,2152.187860406389,3,Monday,68
TKT-0296,2026-03-05 00:57:00,2026-03-06 14:57:00,Low,Login Issue,Phone,Team B,Resolved,0,4,Campaign delivery problem needs technical validation.,38.0,48,0,2083.1545270730553,0,Thursday,53
TKT-0297,2026-03-11 10:28:00,2026-03-12 08:28:00,Medium,Policy Question,Phone,Team B,Resolved,0,4,Billing issue requires review and possible refund investigation.,22.0,24,0,1929.6378604063889,10,Wednesday,64
TKT-0298,2026-02-13 08:46:00,2026-02-14 14:46:00,Medium,Payment,Phone,Team A,Resolved,1,3,Billing issue requires review and possible refund investigation.,30.0,24,1,2555.3378604063887,8,Friday,64
TKT-0299,2026-03-02 15:29:00,2026-03-04 16:29:00,Medium,Policy Question,Web Form,Team A,Resolved,1,3,Policy related question needs accurate guidance from knowledge base.,49.0,24,1,2140.621193739722,15,Monday,68
TKT-0300,2026-01-05 06:48:00,2026-01-07 09:48:00,Low,Ad Review,Chat,Team A,Resolved,0,3,Billing issue requires review and possible refund investigation.,51.0,48,1,3493.3045270730554,6,Monday,64
TKT-0301,2026-03-27 23:41:00,2026-03-29 08:41:00,Low,Login Issue,Email,Team B,Resolved,0,4,Billing issue requires review and possible refund investigation.,33.0,48,0,1532.4211937397222,23,Friday,64
TKT-0302,2026-01-24 15:00:00,2026-01-25 22:00:00,Low,Account Access,Email,Team C,Resolved,0,5,Customer is waiting for urgent resolution and needs clear next steps.,31.0,48,0,3029.1045270730556,15,Saturday,69
TKT-0303,2026-03-25 07:25:00,,Medium,Policy Question,Phone,Team B,Open,0,5,Customer is waiting for urgent resolution and needs clear next steps.,37.0,24,1,1596.6878604063888,7,Wednesday,69
TKT-0304,2026-02-27 10:49:00,,Medium,Account Access,Web Form,Team C,Open,1,3,Policy related question needs accurate guidance from knowledge base.,37.0,24,1,2217.287860406389,10,Friday,68
TKT-0305,2026-02-23 19:03:00,2026-02-24 18:03:00,Medium,Payment,Phone,Team B,Resolved,0,5,User cannot access account and has contacted support multiple times.,23.0,24,0,2305.0545270730554,19,Monday,68
TKT-0306,2026-01-16 16:22:00,2026-01-18 20:22:00,High,Technical Bug,Phone,Team B,Resolved,1,2,Campaign delivery problem needs technical validation.,52.0,12,1,3219.737860406389,16,Friday,53
TKT-0307,2026-01-06 17:49:00,2026-01-08 10:49:00,Medium,Payment,Web Form,Team C,Resolved,0,4,Billing issue requires review and possible refund investigation.,41.0,24,1,3458.287860406389,17,Tuesday,64
TKT-0308,2026-01-02 21:35:00,2026-01-04 05:35:00,Medium,Payment,Phone,Team B,Resolved,0,4,Policy related question needs accurate guidance from knowledge base.,32.0,24,1,3550.521193739722,21,Friday,68
TKT-0309,2026-01-24 05:07:00,,Low,Account Access,Chat,Team B,Open,0,5,User cannot access account and has contacted support multiple times.,37.0,48,0,3038.987860406389,5,Saturday,68
TKT-0310,2026-01-31 14:55:00,2026-02-01 20:55:00,High,Policy Question,Chat,Team A,Closed,1,3,User cannot access account and has contacted support multiple times.,30.0,12,1,2861.187860406389,14,Saturday,68
TKT-0311,2026-03-01 01:57:00,2026-03-01 18:57:00,High,Technical Bug,Chat,Team C,Resolved,1,2,Campaign delivery problem needs technical validation.,17.0,12,1,2178.1545270730553,1,Sunday,53
TKT-0312,2026-03-02 04:03:00,2026-03-04 08:03:00,Low,Technical Bug,Web Form,Specialist Team,Resolved,1,2,Campaign delivery problem needs technical validation.,52.0,48,1,2152.0545270730554,4,Monday,53
TKT-0313,2026-02-11 14:14:00,,Medium,Ad Review,Web Form,Team C,Open,0,3,User cannot access account and has contacted support multiple times.,37.0,24,1,2597.871193739722,14,Wednesday,68
TKT-0314,2026-03-23 19:55:00,2026-03-24 16:55:00,Critical,Policy Question,Phone,Team B,Resolved,1,3,User cannot access account and has contacted support multiple times.,21.0,6,1,1632.1878604063888,19,Monday,68
TKT-0315,2026-01-28 21:20:00,,Medium,Account Access,Web Form,Team B,Open,0,5,Billing issue requires review and possible refund investigation.,37.0,24,1,2926.771193739722,21,Wednesday,64
TKT-0316,2026-01-09 05:49:00,,High,Technical Bug,Chat,Specialist Team,Pending,1,3,Customer is waiting for urgent resolution and needs clear next steps.,37.0,12,1,3398.287860406389,5,Friday,69
TKT-0317,2026-01-27 06:58:00,2026-01-29 02:58:00,Low,Ad Review,Chat,Team C,Closed,0,5,Campaign delivery problem needs technical validation.,44.0,48,0,2965.137860406389,6,Tuesday,53
TKT-0318,2026-01-16 17:26:00,2026-01-17 13:26:00,Medium,Payment,Web Form,Team C,Resolved,0,5,Customer is waiting for urgent resolution and needs clear next steps.,20.0,24,0,3218.671193739722,17,Friday,69
TKT-0319,2026-01-07 19:08:00,2026-01-08 14:08:00,Medium,Login Issue,Web Form,Team A,Resolved,0,5,Customer is waiting for urgent resolution and needs clear next steps.,19.0,24,0,3432.9711937397224,19,Wednesday,69
TKT-0320,2026-01-20 03:07:00,2026-01-20 16:07:00,Critical,Login Issue,Web Form,Team A,Resolved,1,2,Policy related question needs accurate guidance from knowledge base.,13.0,6,1,3136.987860406389,3,Tuesday,68
TKT-0321,2026-03-27 18:07:00,,Medium,Policy Question,Web Form,Team A,Pending,0,4,Customer is waiting for urgent resolution and needs clear next steps.,37.0,24,1,1537.9878604063888,18,Friday,69
TKT-0322,2026-02-16 22:45:00,2026-02-18 14:45:00,Low,Ad Review,Phone,Team A,Resolved,0,5,Campaign delivery problem needs technical validation.,40.0,48,0,2469.3545270730556,22,Monday,53
TKT-0323,2026-03-04 05:17:00,2026-03-06 21:17:00,Low,Payment,Email,Specialist Team,Resolved,1,3,Billing issue requires review and possible refund investigation.,64.0,48,1,2102.8211937397223,5,Wednesday,64
TKT-0324,2026-03-10 11:27:00,2026-03-12 13:27:00,Medium,Technical Bug,Web Form,Team B,Closed,0,4,Customer is waiting for urgent resolution and needs clear next steps.,50.0,24,1,1952.6545270730555,11,Tuesday,69
TKT-0325,2026-02-11 03:38:00,2026-02-12 17:38:00,Medium,Ad Review,Web Form,Team B,Closed,1,2,Customer is waiting for urgent resolution and needs clear next steps.,38.0,24,1,2608.4711937397224,3,Wednesday,69
TKT-0326,2026-01-09 18:25:00,,Medium,Ad Review,Web Form,Team C,Pending,1,2,Campaign delivery problem needs technical validation.,37.0,24,1,3385.687860406389,18,Friday,53
TKT-0327,2026-03-29 09:21:00,2026-03-31 09:21:00,Medium,Technical Bug,Chat,Specialist Team,Closed,0,3,Billing issue requires review and possible refund investigation.,48.0,24,1,1498.7545270730554,9,Sunday,64
TKT-0328,2026-02-25 07:04:00,,Medium,Account Access,Chat,Team C,Open,0,3,Billing issue requires review and possible refund investigation.,37.0,24,1,2269.037860406389,7,Wednesday,64
TKT-0329,2026-03-31 10:37:00,2026-04-02 13:37:00,Medium,Login Issue,Chat,Team A,Resolved,1,3,Billing issue requires review and possible refund investigation.,51.0,24,1,1449.4878604063888,10,Tuesday,64
TKT-0330,2026-02-11 01:43:00,2026-02-12 09:43:00,Low,Policy Question,Web Form,Team B,Resolved,0,5,Campaign delivery problem needs technical validation.,32.0,48,0,2610.387860406389,1,Wednesday,53
TKT-0331,2026-01-22 07:26:00,2026-01-24 20:26:00,Low,Ad Review,Web Form,Team A,Resolved,0,3,Billing issue requires review and possible refund investigation.,61.0,48,1,3084.671193739722,7,Thursday,64
TKT-0332,2026-03-19 14:42:00,2026-03-21 11:42:00,Low,Technical Bug,Phone,Specialist Team,Resolved,0,5,User cannot access account and has contacted support multiple times.,45.0,48,0,1733.4045270730555,14,Thursday,68
TKT-0333,2026-03-30 15:09:00,2026-04-02 06:09:00,Low,Login Issue,Phone,Specialist Team,Closed,0,3,Billing issue requires review and possible refund investigation.,63.0,48,1,1468.9545270730555,15,Monday,64
TKT-0334,2026-03-07 09:16:00,2026-03-08 18:16:00,Low,Login Issue,Email,Team C,Resolved,0,5,Policy related question needs accurate guidance from knowledge base.,33.0,48,0,2026.837860406389,9,Saturday,68
TKT-0335,2026-02-17 04:58:00,2026-02-18 03:58:00,Medium,Login Issue,Phone,Specialist Team,Resolved,0,5,Customer is waiting for urgent resolution and needs clear next steps.,23.0,24,0,2463.137860406389,4,Tuesday,69
TKT-0336,2026-02-04 18:08:00,2026-02-05 14:08:00,Medium,Policy Question,Phone,Team C,Closed,0,5,Billing issue requires review and possible refund investigation.,20.0,24,0,2761.9711937397224,18,Wednesday,64
TKT-0337,2026-01-08 11:45:00,2026-01-10 01:45:00,High,Technical Bug,Web Form,Team C,Resolved,1,2,User cannot access account and has contacted support multiple times.,38.0,12,1,3416.3545270730556,11,Thursday,68
TKT-0338,2026-03-05 21:04:00,2026-03-08 03:04:00,Medium,Ad Review,Email,Team A,Resolved,0,4,Customer is waiting for urgent resolution and needs clear next steps.,54.0,24,1,2063.037860406389,21,Thursday,69
TKT-0339,2026-01-19 17:37:00,2026-01-22 01:37:00,Medium,Technical Bug,Web Form,Specialist Team,Resolved,1,3,Campaign delivery problem needs technical validation.,56.0,24,1,3146.487860406389,17,Monday,53
TKT-0340,2026-01-24 10:32:00,2026-01-25 19:32:00,High,Billing,Chat,Team B,Resolved,1,3,Campaign delivery problem needs technical validation.,33.0,12,1,3033.5711937397223,10,Saturday,53
TKT-0341,2026-03-20 19:07:00,2026-03-22 07:07:00,Low,Policy Question,Email,Team A,Resolved,0,5,Policy related question needs accurate guidance from knowledge base.,36.0,48,0,1704.9878604063888,19,Friday,68
TKT-0342,2026-03-19 20:03:00,2026-03-20 07:03:00,High,Login Issue,Phone,Specialist Team,Resolved,0,4,User cannot access account and has contacted support multiple times.,11.0,12,0,1728.0545270730554,20,Thursday,68
TKT-0343,2026-03-11 18:52:00,2026-03-13 21:52:00,Low,Payment,Chat,Team C,Resolved,0,4,Policy related question needs accurate guidance from knowledge base.,51.0,48,1,1921.2378604063888,18,Wednesday,68
TKT-0344,2026-02-17 05:33:00,2026-02-19 14:33:00,Low,Ad Review,Web Form,Team C,Resolved,0,4,Customer is waiting for urgent resolution and needs clear next steps.,57.0,48,1,2462.5545270730554,5,Tuesday,69
TKT-0345,2026-02-22 16:19:00,2026-02-25 01:19:00,Low,Technical Bug,Web Form,Team C,Resolved,1,2,Billing issue requires review and possible refund investigation.,57.0,48,1,2331.787860406389,16,Sunday,64
TKT-0346,2026-03-21 13:42:00,2026-03-23 04:42:00,Medium,Account Access,Chat,Team C,Resolved,0,3,Customer is waiting for urgent resolution and needs clear next steps.,39.0,24,1,1686.4045270730555,13,Saturday,69
TKT-0347,2026-02-23 23:00:00,2026-02-25 18:00:00,Medium,Technical Bug,Phone,Team A,Resolved,0,4,User cannot access account and has contacted support multiple times.,43.0,24,1,2301.1045270730556,23,Monday,68
TKT-0348,2026-03-19 22:25:00,2026-03-20 11:25:00,Critical,Technical Bug,Chat,Team B,Resolved,1,3,Customer is waiting for urgent resolution and needs clear next steps.,13.0,6,1,1725.6878604063888,22,Thursday,69
TKT-0349,2026-03-27 04:11:00,2026-03-29 00:11:00,Low,Payment,Chat,Specialist Team,Closed,0,4,Billing issue requires review and possible refund investigation.,44.0,48,0,1551.9211937397222,4,Friday,64
TKT-0350,2026-02-06 08:34:00,2026-02-07 21:34:00,High,Login Issue,Chat,Team A,Resolved,0,4,User cannot access account and has contacted support multiple times.,37.0,12,1,2723.537860406389,8,Friday,68
TKT-0351,2026-02-14 07:45:00,,High,Payment,Web Form,Team B,Open,1,4,Campaign delivery problem needs technical validation.,37.0,12,1,2532.3545270730556,7,Saturday,53
TKT-0352,2026-02-20 10:48:00,,Low,Account Access,Phone,Team B,Open,1,3,User cannot access account and has contacted support multiple times.,37.0,48,0,2385.3045270730554,10,Friday,68
TKT-0353,2026-02-09 17:25:00,2026-02-10 21:25:00,Critical,Ad Review,Web Form,Team B,Resolved,1,3,User cannot access account and has contacted support multiple times.,28.0,6,1,2642.687860406389,17,Monday,68
TKT-0354,2026-03-21 14:09:00,2026-03-22 13:09:00,High,Technical Bug,Phone,Specialist Team,Resolved,1,2,User cannot access account and has contacted support multiple times.,23.0,12,1,1685.9545270730555,14,Saturday,68
TKT-0355,2026-03-31 19:33:00,,Low,Technical Bug,Phone,Team A,Open,0,4,Campaign delivery problem needs technical validation.,37.0,48,0,1440.5545270730554,19,Tuesday,53
TKT-0356,2026-02-18 02:55:00,2026-02-19 04:55:00,Medium,Account Access,Email,Team B,Resolved,0,4,Policy related question needs accurate guidance from knowledge base.,26.0,24,1,2441.187860406389,2,Wednesday,68
TKT-0357,2026-02-21 12:02:00,,Medium,Billing,Email,Team C,Open,0,4,User cannot access account and has contacted support multiple times.,37.0,24,1,2360.0711937397223,12,Saturday,68
TKT-0358,2026-02-27 04:22:00,2026-02-28 09:22:00,Medium,Login Issue,Phone,Team C,Resolved,0,4,Policy related question needs accurate guidance from knowledge base.,29.0,24,1,2223.737860406389,4,Friday,68
TKT-0359,2026-03-19 23:06:00,2026-03-21 12:06:00,High,Billing,Chat,Specialist Team,Resolved,1,2,Customer is waiting for urgent resolution and needs clear next steps.,37.0,12,1,1725.0045270730554,23,Thursday,69
TKT-0360,2026-03-12 19:41:00,2026-03-14 20:41:00,Medium,Technical Bug,Phone,Team A,Closed,0,4,User cannot access account and has contacted support multiple times.,49.0,24,1,1896.4211937397222,19,Thursday,68
TKT-0361,2026-01-16 16:21:00,2026-01-18 07:21:00,Low,Payment,Web Form,Team C,Resolved,0,5,User cannot access account and has contacted support multiple times.,39.0,48,0,3219.7545270730557,16,Friday,68
TKT-0362,2026-01-21 07:09:00,2026-01-23 06:09:00,Medium,Account Access,Email,Team C,Resolved,0,4,Policy related question needs accurate guidance from knowledge base.,47.0,24,1,3108.9545270730555,7,Wednesday,68
TKT-0363,2026-02-14 01:23:00,,Critical,Ad Review,Web Form,Team B,Open,0,4,Customer is waiting for urgent resolution and needs clear next steps.,37.0,6,1,2538.7211937397224,1,Saturday,69
TKT-0364,2026-01-03 21:06:00,2026-01-04 12:06:00,Critical,Technical Bug,Chat,Team B,Closed,1,3,Customer is waiting for urgent resolution and needs clear next steps.,15.0,6,1,3527.0045270730557,21,Saturday,69
TKT-0365,2026-03-14 16:25:00,2026-03-15 15:25:00,Medium,Billing,Phone,Team A,Closed,0,5,User cannot access account and has contacted support multiple times.,23.0,24,0,1851.6878604063888,16,Saturday,68
TKT-0366,2026-02-11 21:38:00,2026-02-12 09:38:00,High,Account Access,Email,Team B,Resolved,0,5,User cannot access account and has contacted support multiple times.,12.0,12,0,2590.4711937397224,21,Wednesday,68
TKT-0367,2026-01-31 03:52:00,2026-01-31 21:52:00,Medium,Billing,Web Form,Team B,Resolved,0,5,Campaign delivery problem needs technical validation.,18.0,24,0,2872.237860406389,3,Saturday,53
TKT-0368,2026-01-06 20:05:00,2026-01-08 02:05:00,High,Login Issue,Chat,Team B,Closed,1,3,Billing issue requires review and possible refund investigation.,30.0,12,1,3456.021193739722,20,Tuesday,64
TKT-0369,2026-01-12 17:00:00,2026-01-14 18:00:00,High,Technical Bug,Email,Specialist Team,Closed,0,3,Customer is waiting for urgent resolution and needs clear next steps.,49.0,12,1,3315.1045270730556,17,Monday,69
TKT-0370,2026-02-04 07:55:00,2026-02-05 06:55:00,Medium,Policy Question,Phone,Specialist Team,Closed,0,5,Policy related question needs accurate guidance from knowledge base.,23.0,24,0,2772.187860406389,7,Wednesday,68
TKT-0371,2026-01-29 00:51:00,2026-01-29 18:51:00,Critical,Payment,Web Form,Team B,Closed,0,3,Campaign delivery problem needs technical validation.,18.0,6,1,2923.2545270730557,0,Thursday,53
TKT-0372,2026-01-29 10:27:00,,Medium,Payment,Phone,Team A,Pending,0,5,User cannot access account and has contacted support multiple times.,37.0,24,1,2913.6545270730553,10,Thursday,68
TKT-0373,2026-02-11 07:12:00,,Medium,Account Access,Chat,Specialist Team,Open,0,3,Customer is waiting for urgent resolution and needs clear next steps.,37.0,24,1,2604.9045270730553,7,Wednesday,69
TKT-0374,2026-03-09 05:42:00,,High,Policy Question,Phone,Specialist Team,Open,1,2,Billing issue requires review and possible refund investigation.,37.0,12,1,1982.4045270730555,5,Monday,64
TKT-0375,2026-03-15 03:50:00,,Medium,Ad Review,Web Form,Team A,Open,0,4,Policy related question needs accurate guidance from knowledge base.,37.0,24,1,1840.271193739722,3,Sunday,68
TKT-0376,2026-02-21 10:29:00,2026-02-23 14:29:00,Low,Account Access,Chat,Team A,Resolved,0,4,Billing issue requires review and possible refund investigation.,52.0,48,1,2361.621193739722,10,Saturday,64
TKT-0377,2026-02-27 15:05:00,2026-03-01 03:05:00,Critical,Login Issue,Web Form,Specialist Team,Closed,1,2,Customer is waiting for urgent resolution and needs clear next steps.,36.0,6,1,2213.021193739722,15,Friday,69
TKT-0378,2026-03-06 10:52:00,2026-03-07 11:52:00,High,Technical Bug,Phone,Team C,Resolved,1,2,Campaign delivery problem needs technical validation.,25.0,12,1,2049.237860406389,10,Friday,53
TKT-0379,2026-02-22 23:31:00,2026-02-24 18:31:00,Medium,Account Access,Chat,Team B,Resolved,1,3,Customer is waiting for urgent resolution and needs clear next steps.,43.0,24,1,2324.5878604063887,23,Sunday,69
TKT-0380,2026-02-12 07:29:00,,Medium,Payment,Phone,Team C,Pending,0,4,Policy related question needs accurate guidance from knowledge base.,37.0,24,1,2580.621193739722,7,Thursday,68
TKT-0381,2026-03-06 14:08:00,2026-03-08 08:08:00,Critical,Ad Review,Web Form,Team A,Resolved,1,3,Billing issue requires review and possible refund investigation.,42.0,6,1,2045.9711937397221,14,Friday,64
TKT-0382,2026-02-22 10:42:00,2026-02-24 01:42:00,High,Payment,Web Form,Team A,Resolved,1,2,Customer is waiting for urgent resolution and needs clear next steps.,39.0,12,1,2337.4045270730553,10,Sunday,69
TKT-0383,2026-03-06 16:28:00,,Medium,Account Access,Chat,Specialist Team,Open,0,5,User cannot access account and has contacted support multiple times.,37.0,24,1,2043.6378604063889,16,Friday,68
TKT-0384,2026-01-02 12:59:00,2026-01-03 21:59:00,High,Login Issue,Chat,Team A,Resolved,0,3,User cannot access account and has contacted support multiple times.,33.0,12,1,3559.121193739722,12,Friday,68
TKT-0385,2026-02-20 00:49:00,2026-02-22 02:49:00,Medium,Technical Bug,Web Form,Team A,Resolved,0,4,Billing issue requires review and possible refund investigation.,50.0,24,1,2395.287860406389,0,Friday,64
TKT-0386,2026-02-25 15:10:00,2026-02-26 15:10:00,High,Technical Bug,Email,Team C,Resolved,1,3,Policy related question needs accurate guidance from knowledge base.,24.0,12,1,2260.937860406389,15,Wednesday,68
TKT-0387,2026-01-30 11:43:00,,Medium,Billing,Phone,Specialist Team,Pending,1,3,Campaign delivery problem needs technical validation.,37.0,24,1,2888.387860406389,11,Friday,53
TKT-0388,2026-02-04 00:39:00,2026-02-05 18:39:00,Medium,Technical Bug,Web Form,Team A,Resolved,1,3,Billing issue requires review and possible refund investigation.,42.0,24,1,2779.4545270730555,0,Wednesday,64
TKT-0389,2026-01-20 12:13:00,2026-01-21 00:13:00,Critical,Account Access,Web Form,Specialist Team,Closed,1,3,Billing issue requires review and possible refund investigation.,12.0,6,1,3127.887860406389,12,Tuesday,64
TKT-0390,2026-03-22 14:42:00,2026-03-24 01:42:00,Medium,Payment,Web Form,Team A,Resolved,0,4,Policy related question needs accurate guidance from knowledge base.,35.0,24,1,1661.4045270730555,14,Sunday,68
TKT-0391,2026-02-19 13:54:00,2026-02-20 17:54:00,Medium,Ad Review,Web Form,Team A,Resolved,0,4,Billing issue requires review and possible refund investigation.,28.0,24,1,2406.2045270730555,13,Thursday,64
TKT-0392,2026-03-03 17:16:00,,Critical,Billing,Email,Specialist Team,Open,1,3,Customer is waiting for urgent resolution and needs clear next steps.,37.0,6,1,2114.8378604063887,17,Tuesday,69
TKT-0393,2026-03-11 06:25:00,2026-03-12 15:25:00,High,Policy Question,Phone,Specialist Team,Resolved,1,3,User cannot access account and has contacted support multiple times.,33.0,12,1,1933.6878604063888,6,Wednesday,68
TKT-0394,2026-03-31 06:26:00,2026-04-02 05:26:00,Medium,Ad Review,Chat,Team B,Closed,0,4,Policy related question needs accurate guidance from knowledge base.,47.0,24,1,1453.6711937397222,6,Tuesday,68
TKT-0395,2026-01-01 20:54:00,2026-01-03 03:54:00,Medium,Login Issue,Web Form,Specialist Team,Resolved,1,2,User cannot access account and has contacted support multiple times.,31.0,24,1,3575.2045270730555,20,Thursday,68
TKT-0396,2026-01-27 03:14:00,,Medium,Policy Question,Chat,Team A,Open,0,3,Campaign delivery problem needs technical validation.,37.0,24,1,2968.871193739722,3,Tuesday,53
TKT-0397,2026-02-19 09:08:00,2026-02-20 07:08:00,Medium,Payment,Web Form,Team C,Closed,0,4,Policy related question needs accurate guidance from knowledge base.,22.0,24,0,2410.9711937397224,9,Thursday,68
TKT-0398,2026-02-16 22:38:00,2026-02-19 03:38:00,Low,Login Issue,Phone,Team A,Closed,0,4,Billing issue requires review and possible refund investigation.,53.0,48,1,2469.4711937397224,22,Monday,64
TKT-0399,2026-01-05 07:44:00,2026-01-06 01:44:00,Medium,Billing,Phone,Team B,Resolved,0,5,Campaign delivery problem needs technical validation.,18.0,24,0,3492.371193739722,7,Monday,53
TKT-0400,2026-02-17 06:32:00,2026-02-20 06:32:00,Low,Technical Bug,Email,Team A,Closed,1,3,Billing issue requires review and possible refund investigation.,72.0,48,1,2461.5711937397223,6,Tuesday,64
TKT-0401,2026-02-28 09:21:00,2026-03-01 21:21:00,Medium,Login Issue,Chat,Team B,Closed,0,3,Customer is waiting for urgent resolution and needs clear next steps.,36.0,24,1,2194.7545270730557,9,Saturday,69
TKT-0402,2026-02-08 09:49:00,2026-02-10 14:49:00,Low,Policy Question,Phone,Specialist Team,Resolved,0,3,Customer is waiting for urgent resolution and needs clear next steps.,53.0,48,1,2674.287860406389,9,Sunday,69
TKT-0403,2026-01-20 12:25:00,2026-01-21 09:25:00,Medium,Account Access,Web Form,Team B,Closed,0,4,Billing issue requires review and possible refund investigation.,21.0,24,0,3127.687860406389,12,Tuesday,64
TKT-0404,2026-02-13 07:04:00,,Medium,Account Access,Chat,Specialist Team,Pending,0,3,Campaign delivery problem needs technical validation.,37.0,24,1,2557.037860406389,7,Friday,53
TKT-0405,2026-02-02 21:21:00,2026-02-04 09:21:00,Medium,Billing,Web Form,Team B,Closed,1,2,Customer is waiting for urgent resolution and needs clear next steps.,36.0,24,1,2806.7545270730557,21,Monday,69
TKT-0406,2026-03-17 04:49:00,2026-03-18 22:49:00,Low,Payment,Chat,Team C,Resolved,0,4,Billing issue requires review and possible refund investigation.,42.0,48,0,1791.2878604063887,4,Tuesday,64
TKT-0407,2026-01-05 05:58:00,2026-01-06 11:58:00,High,Account Access,Email,Team A,Resolved,1,2,Policy related question needs accurate guidance from knowledge base.,30.0,12,1,3494.137860406389,5,Monday,68
TKT-0408,2026-02-15 08:35:00,2026-02-16 21:35:00,Medium,Login Issue,Phone,Team C,Resolved,0,3,Billing issue requires review and possible refund investigation.,37.0,24,1,2507.521193739722,8,Sunday,64
TKT-0409,2026-03-14 04:57:00,2026-03-16 07:57:00,Low,Payment,Web Form,Team A,Resolved,1,3,Campaign delivery problem needs technical validation.,51.0,48,1,1863.1545270730555,4,Saturday,53
TKT-0410,2026-01-15 10:58:00,2026-01-16 18:58:00,Medium,Ad Review,Web Form,Team B,Resolved,1,3,User cannot access account and has contacted support multiple times.,32.0,24,1,3249.137860406389,10,Thursday,68
TKT-0411,2026-03-02 17:16:00,2026-03-04 11:16:00,Medium,Login Issue,Phone,Specialist Team,Resolved,0,4,User cannot access account and has contacted support multiple times.,42.0,24,1,2138.8378604063887,17,Monday,68
TKT-0412,2026-01-24 22:00:00,2026-01-26 04:00:00,Low,Payment,Web Form,Team A,Closed,0,5,Campaign delivery problem needs technical validation.,30.0,48,0,3022.1045270730556,22,Saturday,53
TKT-0413,2026-01-08 17:13:00,2026-01-09 22:13:00,High,Account Access,Email,Team C,Resolved,0,3,User cannot access account and has contacted support multiple times.,29.0,12,1,3410.887860406389,17,Thursday,68
TKT-0414,2026-01-02 14:15:00,2026-01-04 10:15:00,Low,Ad Review,Web Form,Team A,Resolved,0,5,User cannot access account and has contacted support multiple times.,44.0,48,0,3557.8545270730556,14,Friday,68
TKT-0415,2026-03-17 10:29:00,2026-03-19 16:29:00,Medium,Payment,Web Form,Team A,Closed,1,3,User cannot access account and has contacted support multiple times.,54.0,24,1,1785.6211937397222,10,Tuesday,68
TKT-0416,2026-03-10 15:41:00,2026-03-12 15:41:00,Medium,Payment,Chat,Specialist Team,Resolved,1,3,Policy related question needs accurate guidance from knowledge base.,48.0,24,1,1948.4211937397222,15,Tuesday,68
TKT-0417,2026-03-07 11:04:00,2026-03-09 06:04:00,Medium,Policy Question,Chat,Team A,Resolved,0,4,Customer is waiting for urgent resolution and needs clear next steps.,43.0,24,1,2025.0378604063887,11,Saturday,69
TKT-0418,2026-02-11 17:06:00,2026-02-13 06:06:00,High,Login Issue,Email,Team A,Resolved,1,3,Customer is waiting for urgent resolution and needs clear next steps.,37.0,12,1,2595.0045270730557,17,Wednesday,69
TKT-0419,2026-03-12 22:16:00,2026-03-14 18:16:00,Low,Technical Bug,Email,Specialist Team,Closed,0,4,Customer is waiting for urgent resolution and needs clear next steps.,44.0,48,0,1893.837860406389,22,Thursday,69
TKT-0420,2026-02-02 05:09:00,2026-02-03 21:09:00,High,Login Issue,Phone,Team A,Closed,0,4,Customer is waiting for urgent resolution and needs clear next steps.,40.0,12,1,2822.9545270730555,5,Monday,69
TKT-0421,2026-01-06 09:35:00,2026-01-08 13:35:00,Medium,Billing,Email,Team A,Resolved,0,3,Customer is waiting for urgent resolution and needs clear next steps.,52.0,24,1,3466.521193739722,9,Tuesday,69
TKT-0422,2026-02-05 22:01:00,2026-02-07 11:01:00,Low,Account Access,Web Form,Team B,Closed,0,4,User cannot access account and has contacted support multiple times.,37.0,48,0,2734.0878604063887,22,Thursday,68
TKT-0423,2026-03-15 13:07:00,2026-03-16 12:07:00,Medium,Billing,Phone,Team A,Closed,0,5,Customer is waiting for urgent resolution and needs clear next steps.,23.0,24,0,1830.9878604063888,13,Sunday,69
TKT-0424,2026-03-05 01:17:00,2026-03-07 02:17:00,Medium,Policy Question,Phone,Team B,Resolved,0,4,Customer is waiting for urgent resolution and needs clear next steps.,49.0,24,1,2082.8211937397223,1,Thursday,69
TKT-0425,2026-01-14 18:04:00,,Low,Payment,Chat,Specialist Team,Pending,0,3,User cannot access account and has contacted support multiple times.,37.0,48,0,3266.037860406389,18,Wednesday,68
TKT-0426,2026-01-14 22:58:00,2026-01-17 07:58:00,Low,Billing,Email,Team B,Closed,1,2,Billing issue requires review and possible refund investigation.,57.0,48,1,3261.137860406389,22,Wednesday,64
TKT-0427,2026-03-17 17:16:00,2026-03-18 10:16:00,High,Ad Review,Phone,Team C,Resolved,1,3,User cannot access account and has contacted support multiple times.,17.0,12,1,1778.837860406389,17,Tuesday,68
TKT-0428,2026-03-23 02:48:00,2026-03-24 11:48:00,Medium,Policy Question,Phone,Team C,Resolved,0,4,User cannot access account and has contacted support multiple times.,33.0,24,1,1649.3045270730554,2,Monday,68
TKT-0429,2026-03-03 05:58:00,2026-03-03 18:58:00,High,Billing,Chat,Team C,Resolved,1,3,Campaign delivery problem needs technical validation.,13.0,12,1,2126.137860406389,5,Tuesday,53
TKT-0430,2026-02-27 20:23:00,2026-03-01 15:23:00,Low,Billing,Web Form,Team B,Resolved,0,4,Policy related question needs accurate guidance from knowledge base.,43.0,48,0,2207.7211937397224,20,Friday,68
TKT-0431,2026-02-12 03:58:00,2026-02-13 10:58:00,Medium,Account Access,Email,Team B,Resolved,0,4,Billing issue requires review and possible refund investigation.,31.0,24,1,2584.137860406389,3,Thursday,64
TKT-0432,2026-03-15 22:45:00,2026-03-17 22:45:00,Low,Login Issue,Web Form,Team B,Closed,0,5,Billing issue requires review and possible refund investigation.,48.0,48,0,1821.3545270730556,22,Sunday,64
TKT-0433,2026-02-14 05:01:00,2026-02-15 20:01:00,Low,Policy Question,Chat,Team C,Closed,0,4,Customer is waiting for urgent resolution and needs clear next steps.,39.0,48,0,2535.0878604063887,5,Saturday,69
TKT-0434,2026-03-09 02:19:00,2026-03-10 12:19:00,Low,Payment,Email,Team A,Resolved,0,5,Policy related question needs accurate guidance from knowledge base.,34.0,48,0,1985.7878604063887,2,Monday,68
TKT-0435,2026-01-20 14:46:00,,Medium,Account Access,Phone,Specialist Team,Open,1,3,Campaign delivery problem needs technical validation.,37.0,24,1,3125.3378604063887,14,Tuesday,53
TKT-0436,2026-01-30 21:28:00,2026-01-31 19:28:00,Critical,Billing,Web Form,Team C,Closed,1,3,Customer is waiting for urgent resolution and needs clear next steps.,22.0,6,1,2878.637860406389,21,Friday,69
TKT-0437,2026-02-05 23:51:00,2026-02-07 13:51:00,Medium,Ad Review,Phone,Team A,Resolved,1,2,Policy related question needs accurate guidance from knowledge base.,38.0,24,1,2732.2545270730557,23,Thursday,68
TKT-0438,2026-02-23 13:42:00,2026-02-25 01:42:00,Low,Billing,Chat,Specialist Team,Closed,0,5,Campaign delivery problem needs technical validation.,36.0,48,0,2310.4045270730553,13,Monday,53
TKT-0439,2026-02-13 16:41:00,2026-02-15 02:41:00,Low,Account Access,Chat,Team A,Resolved,0,5,User cannot access account and has contacted support multiple times.,34.0,48,0,2547.421193739722,16,Friday,68
TKT-0440,2026-03-02 23:23:00,2026-03-04 09:23:00,Medium,Login Issue,Chat,Team C,Resolved,1,2,Customer is waiting for urgent resolution and needs clear next steps.,34.0,24,1,2132.7211937397224,23,Monday,69
TKT-0441,2026-02-12 17:58:00,2026-02-13 23:58:00,High,Ad Review,Web Form,Team A,Resolved,0,4,User cannot access account and has contacted support multiple times.,30.0,12,1,2570.137860406389,17,Thursday,68
TKT-0442,2026-03-22 20:16:00,2026-03-24 03:16:00,High,Billing,Email,Specialist Team,Resolved,1,3,Campaign delivery problem needs technical validation.,31.0,12,1,1655.837860406389,20,Sunday,53
TKT-0443,2026-01-21 02:07:00,2026-01-22 21:07:00,Medium,Payment,Web Form,Team A,Resolved,0,4,User cannot access account and has contacted support multiple times.,43.0,24,1,3113.987860406389,2,Wednesday,68
TKT-0444,2026-03-15 00:28:00,2026-03-17 05:28:00,Low,Login Issue,Email,Team C,Resolved,1,3,Policy related question needs accurate guidance from knowledge base.,53.0,48,1,1843.6378604063889,0,Sunday,68
TKT-0445,2026-01-11 02:04:00,2026-01-12 11:04:00,Medium,Technical Bug,Chat,Specialist Team,Resolved,0,4,User cannot access account and has contacted support multiple times.,33.0,24,1,3354.037860406389,2,Sunday,68
TKT-0446,2026-03-31 08:10:00,2026-04-01 15:10:00,Medium,Ad Review,Chat,Team A,Resolved,0,4,User cannot access account and has contacted support multiple times.,31.0,24,1,1451.9378604063888,8,Tuesday,68
TKT-0447,2026-01-14 00:51:00,2026-01-15 19:51:00,Medium,Ad Review,Email,Team B,Closed,0,4,Campaign delivery problem needs technical validation.,43.0,24,1,3283.2545270730557,0,Wednesday,53
TKT-0448,2026-03-24 12:16:00,2026-03-25 20:16:00,Low,Billing,Email,Specialist Team,Resolved,0,5,Campaign delivery problem needs technical validation.,32.0,48,0,1615.837860406389,12,Tuesday,53
TKT-0449,2026-01-25 02:41:00,2026-01-27 03:41:00,Medium,Technical Bug,Phone,Team A,Closed,0,3,User cannot access account and has contacted support multiple times.,49.0,24,1,3017.421193739722,2,Sunday,68
TKT-0450,2026-01-04 00:38:00,,Medium,Payment,Email,Specialist Team,Open,1,3,User cannot access account and has contacted support multiple times.,37.0,24,1,3523.4711937397224,0,Sunday,68
TKT-0451,2026-02-22 07:47:00,2026-02-23 02:47:00,Medium,Login Issue,Email,Specialist Team,Closed,0,5,Billing issue requires review and possible refund investigation.,19.0,24,0,2340.3211937397223,7,Sunday,64
TKT-0452,2026-03-24 23:14:00,2026-03-27 02:14:00,Low,Ad Review,Web Form,Team B,Resolved,0,4,Campaign delivery problem needs technical validation.,51.0,48,1,1604.8711937397222,23,Tuesday,53
TKT-0453,2026-02-16 13:14:00,2026-02-17 17:14:00,Critical,Policy Question,Phone,Team A,Resolved,1,2,Customer is waiting for urgent resolution and needs clear next steps.,28.0,6,1,2478.871193739722,13,Monday,69
TKT-0454,2026-03-06 03:49:00,2026-03-08 01:49:00,Low,Policy Question,Email,Team B,Resolved,0,5,Policy related question needs accurate guidance from knowledge base.,46.0,48,0,2056.287860406389,3,Friday,68
TKT-0455,2026-03-08 07:08:00,2026-03-10 15:08:00,Low,Account Access,Email,Team C,Resolved,1,2,User cannot access account and has contacted support multiple times.,56.0,48,1,2004.9711937397221,7,Sunday,68
TKT-0456,2026-02-25 03:56:00,2026-02-25 21:56:00,High,Login Issue,Chat,Specialist Team,Resolved,0,4,Policy related question needs accurate guidance from knowledge base.,18.0,12,1,2272.171193739722,3,Wednesday,68
TKT-0457,2026-02-08 09:55:00,2026-02-09 21:55:00,Low,Payment,Phone,Specialist Team,Resolved,0,5,Customer is waiting for urgent resolution and needs clear next steps.,36.0,48,0,2674.187860406389,9,Sunday,69
TKT-0458,2026-02-19 18:04:00,2026-02-21 04:04:00,Low,Login Issue,Chat,Specialist Team,Resolved,0,5,Policy related question needs accurate guidance from knowledge base.,34.0,48,0,2402.037860406389,18,Thursday,68
TKT-0459,2026-01-21 05:28:00,2026-01-23 14:28:00,Low,Payment,Phone,Team B,Resolved,0,3,Campaign delivery problem needs technical validation.,57.0,48,1,3110.637860406389,5,Wednesday,53
TKT-0460,2026-02-01 07:55:00,,Medium,Ad Review,Chat,Specialist Team,Pending,1,3,Customer is waiting for urgent resolution and needs clear next steps.,37.0,24,1,2844.187860406389,7,Sunday,69
TKT-0461,2026-03-22 20:13:00,2026-03-24 20:13:00,Medium,Policy Question,Email,Specialist Team,Resolved,0,3,User cannot access account and has contacted support multiple times.,48.0,24,1,1655.8878604063889,20,Sunday,68
TKT-0462,2026-03-21 18:20:00,2026-03-22 15:20:00,High,Login Issue,Web Form,Team A,Resolved,1,3,User cannot access account and has contacted support multiple times.,21.0,12,1,1681.771193739722,18,Saturday,68
TKT-0463,2026-03-05 14:47:00,,High,Technical Bug,Web Form,Team C,Pending,0,4,Customer is waiting for urgent resolution and needs clear next steps.,37.0,12,1,2069.3211937397223,14,Thursday,69
TKT-0464,2026-03-29 08:08:00,2026-03-30 22:08:00,High,Account Access,Web Form,Team A,Resolved,0,4,Billing issue requires review and possible refund investigation.,38.0,12,1,1499.9711937397221,8,Sunday,64
TKT-0465,2026-03-16 22:20:00,2026-03-19 13:20:00,Low,Technical Bug,Email,Team B,Resolved,0,4,Policy related question needs accurate guidance from knowledge base.,63.0,48,1,1797.771193739722,22,Monday,68
TKT-0466,2026-02-05 03:40:00,2026-02-07 04:40:00,Low,Account Access,Chat,Team C,Resolved,1,3,Policy related question needs accurate guidance from knowledge base.,49.0,48,1,2752.437860406389,3,Thursday,68
TKT-0467,2026-03-19 23:54:00,2026-03-20 17:54:00,Medium,Policy Question,Email,Team B,Resolved,0,5,Policy related question needs accurate guidance from knowledge base.,18.0,24,0,1724.2045270730555,23,Thursday,68
TKT-0468,2026-02-16 19:01:00,2026-02-18 16:01:00,Low,Billing,Chat,Team A,Resolved,0,5,User cannot access account and has contacted support multiple times.,45.0,48,0,2473.0878604063887,19,Monday,68
TKT-0469,2026-02-15 13:57:00,2026-02-16 04:57:00,High,Login Issue,Email,Team A,Resolved,1,3,User cannot access account and has contacted support multiple times.,15.0,12,1,2502.1545270730553,13,Sunday,68
TKT-0470,2026-03-22 12:21:00,2026-03-25 04:21:00,Low,Ad Review,Phone,Team C,Closed,0,4,Customer is waiting for urgent resolution and needs clear next steps.,64.0,48,1,1663.7545270730554,12,Sunday,69
TKT-0471,2026-01-15 15:16:00,2026-01-17 13:16:00,Low,Billing,Email,Team A,Resolved,0,4,Billing issue requires review and possible refund investigation.,46.0,48,0,3244.8378604063887,15,Thursday,64
TKT-0472,2026-02-28 15:32:00,2026-03-02 12:32:00,Medium,Login Issue,Email,Team B,Resolved,0,4,Billing issue requires review and possible refund investigation.,45.0,24,1,2188.5711937397223,15,Saturday,64
TKT-0473,2026-01-13 15:51:00,2026-01-15 13:51:00,Medium,Billing,Chat,Team B,Closed,0,4,Policy related question needs accurate guidance from knowledge base.,46.0,24,1,3292.2545270730557,15,Tuesday,68
TKT-0474,2026-01-17 06:52:00,2026-01-18 00:52:00,Medium,Account Access,Web Form,Team B,Resolved,0,4,User cannot access account and has contacted support multiple times.,18.0,24,0,3205.237860406389,6,Saturday,68
TKT-0475,2026-01-19 17:53:00,2026-01-21 20:53:00,Medium,Login Issue,Phone,Specialist Team,Resolved,0,4,User cannot access account and has contacted support multiple times.,51.0,24,1,3146.2211937397224,17,Monday,68
TKT-0476,2026-01-05 08:14:00,2026-01-06 13:14:00,Medium,Login Issue,Web Form,Team B,Resolved,1,2,Billing issue requires review and possible refund investigation.,29.0,24,1,3491.871193739722,8,Monday,64
TKT-0477,2026-01-23 17:10:00,2026-01-26 08:10:00,Low,Technical Bug,Phone,Team C,Resolved,0,4,Policy related question needs accurate guidance from knowledge base.,63.0,48,1,3050.937860406389,17,Friday,68
TKT-0478,2026-02-24 04:05:00,,Low,Ad Review,Chat,Team B,Open,0,4,Customer is waiting for urgent resolution and needs clear next steps.,37.0,48,0,2296.021193739722,4,Tuesday,69
TKT-0479,2026-02-04 01:20:00,2026-02-06 16:20:00,Low,Account Access,Phone,Specialist Team,Resolved,1,2,Customer is waiting for urgent resolution and needs clear next steps.,63.0,48,1,2778.771193739722,1,Wednesday,69
TKT-0480,2026-03-08 09:27:00,,Medium,Ad Review,Chat,Specialist Team,Open,0,4,Billing issue requires review and possible refund investigation.,37.0,24,1,2002.6545270730555,9,Sunday,64
TKT-0481,2026-03-18 14:49:00,2026-03-20 05:49:00,Critical,Ad Review,Email,Team A,Resolved,1,2,User cannot access account and has contacted support multiple times.,39.0,6,1,1757.2878604063887,14,Wednesday,68
TKT-0482,2026-01-12 02:29:00,2026-01-13 17:29:00,Medium,Billing,Phone,Team A,Resolved,1,3,Customer is waiting for urgent resolution and needs clear next steps.,39.0,24,1,3329.621193739722,2,Monday,69
TKT-0483,2026-01-10 01:02:00,2026-01-11 11:02:00,Low,Policy Question,Chat,Team A,Resolved,0,4,Policy related question needs accurate guidance from knowledge base.,34.0,48,0,3379.0711937397223,1,Saturday,68
TKT-0484,2026-03-11 16:10:00,2026-03-14 05:10:00,Low,Technical Bug,Web Form,Team C,Resolved,1,2,Customer is waiting for urgent resolution and needs clear next steps.,61.0,48,1,1923.9378604063888,16,Wednesday,69
TKT-0485,2026-01-16 23:16:00,,Critical,Payment,Web Form,Specialist Team,Pending,1,3,Campaign delivery problem needs technical validation.,37.0,6,1,3212.8378604063887,23,Friday,53
TKT-0486,2026-02-04 18:46:00,,High,Payment,Chat,Specialist Team,Open,1,3,Customer is waiting for urgent resolution and needs clear next steps.,37.0,12,1,2761.3378604063887,18,Wednesday,69
TKT-0487,2026-02-13 21:32:00,2026-02-15 11:32:00,Medium,Payment,Chat,Team C,Resolved,0,4,User cannot access account and has contacted support multiple times.,38.0,24,1,2542.5711937397223,21,Friday,68
TKT-0488,2026-03-13 17:03:00,2026-03-14 01:03:00,High,Policy Question,Chat,Team C,Closed,1,4,Customer is waiting for urgent resolution and needs clear next steps.,8.0,12,0,1875.0545270730554,17,Friday,69
TKT-0489,2026-02-26 03:14:00,2026-02-27 06:14:00,High,Policy Question,Phone,Team C,Resolved,1,3,Billing issue requires review and possible refund investigation.,27.0,12,1,2248.871193739722,3,Thursday,64
TKT-0490,2026-01-20 03:14:00,,Low,Payment,Web Form,Team B,Pending,0,4,User cannot access account and has contacted support multiple times.,37.0,48,0,3136.871193739722,3,Tuesday,68
TKT-0491,2026-01-27 00:52:00,2026-01-28 21:52:00,Medium,Account Access,Phone,Specialist Team,Closed,1,2,Billing issue requires review and possible refund investigation.,45.0,24,1,2971.237860406389,0,Tuesday,64
TKT-0492,2026-01-10 16:22:00,2026-01-12 10:22:00,High,Login Issue,Phone,Team B,Closed,1,2,Campaign delivery problem needs technical validation.,42.0,12,1,3363.737860406389,16,Saturday,53
TKT-0493,2026-02-28 05:30:00,2026-03-01 12:30:00,High,Policy Question,Chat,Team C,Resolved,1,3,Customer is waiting for urgent resolution and needs clear next steps.,31.0,12,1,2198.6045270730556,5,Saturday,69
TKT-0494,2026-01-05 16:14:00,2026-01-06 13:14:00,Medium,Account Access,Email,Specialist Team,Resolved,0,5,Campaign delivery problem needs technical validation.,21.0,24,0,3483.871193739722,16,Monday,53
TKT-0495,2026-02-23 10:51:00,,Medium,Technical Bug,Phone,Specialist Team,Open,0,4,Billing issue requires review and possible refund investigation.,37.0,24,1,2313.2545270730557,10,Monday,64
TKT-0496,2026-01-19 09:38:00,2026-01-21 07:38:00,Medium,Policy Question,Email,Specialist Team,Resolved,0,3,User cannot access account and has contacted support multiple times.,46.0,24,1,3154.4711937397224,9,Monday,68
TKT-0497,2026-02-05 19:13:00,2026-02-08 02:13:00,Medium,Ad Review,Email,Team A,Resolved,0,3,User cannot access account and has contacted support multiple times.,55.0,24,1,2736.887860406389,19,Thursday,68
TKT-0498,2026-03-15 14:05:00,2026-03-17 18:05:00,Low,Ad Review,Phone,Team A,Closed,0,4,User cannot access account and has contacted support multiple times.,52.0,48,1,1830.021193739722,14,Sunday,68
TKT-0499,2026-03-04 22:56:00,2026-03-06 00:56:00,Critical,Payment,Web Form,Team B,Resolved,1,3,User cannot access account and has contacted support multiple times.,26.0,6,1,2085.171193739722,22,Wednesday,68
TKT-0500,2026-02-26 04:19:00,2026-02-27 16:19:00,Critical,Account Access,Chat,Specialist Team,Closed,1,3,Policy related question needs accurate guidance from knowledge base.,36.0,6,1,2247.787860406389,4,Thursday,68
