ticket_id,created_date,resolved_date,priority,category,channel,team,status,escalated,customer_satisfaction,customer_message,resolution_hours,sla_target_hours,sla_breach,ticket_age_hours,hour_created,day_of_week,message_length
TKT-0001,2026-02-25 14:09:00,2026-02-27 07:09:00,Medium,Billing,Email,Team A,Resolved,0,4,Customer is waiting for urgent resolution and needs clear next steps.,41.0,24,1,1952.8023052697222,14,Wednesday,69
TKT-0002,2026-01-16 00:27:00,2026-01-16 21:27:00,Medium,Login Issue,Email,Specialist Team,Closed,0,5,User cannot access account and has contacted support multiple times.,21.0,24,0,2926.502305269722,0,Friday,68
TKT-0003,2026-01-11 21:36:00,,Medium,Billing,Chat,Team A,Open,1,3,Policy related question needs accurate guidance from knowledge base.,37.0,24,1,3025.352305269722,21,Sunday,68
TKT-0004,2026-01-21 10:36:00,2026-01-23 16:36:00,Medium,Policy Question,Chat,Team A,Resolved,0,3,Customer is waiting for urgent resolution and needs clear next steps.,54.0,24,1,2796.352305269722,10,Wednesday,69
TKT-0005,2026-01-11 12:39:00,2026-01-13 23:39:00,Low,Payment,Web Form,Team C,Resolved,0,4,User cannot access account and has contacted support multiple times.,59.0,48,1,3034.302305269722,12,Sunday,68
TKT-0006,2026-02-01 00:44:00,2026-02-02 05:44:00,High,Billing,Phone,Specialist Team,Closed,1,3,Customer is waiting for urgent resolution and needs clear next steps.,29.0,12,1,2542.2189719363887,0,Sunday,69
TKT-0007,2026-03-29 16:26:00,2026-04-01 08:26:00,Low,Ad Review,Chat,Specialist Team,Resolved,0,3,Policy related question needs accurate guidance from knowledge base.,64.0,48,1,1182.5189719363889,16,Sunday,68
TKT-0008,2026-02-23 21:21:00,2026-02-24 19:21:00,Medium,Account Access,Web Form,Specialist Team,Closed,0,5,Campaign delivery problem needs technical validation.,22.0,24,0,1993.6023052697224,21,Monday,53
TKT-0009,2026-01-12 10:03:00,,High,Ad Review,Web Form,Team C,Open,1,3,Billing issue requires review and possible refund investigation.,37.0,12,1,3012.902305269722,10,Monday,64
TKT-0010,2026-01-30 00:39:00,2026-01-31 14:39:00,Low,Billing,Chat,Team C,Closed,0,5,Campaign delivery problem needs technical validation.,38.0,48,0,2590.302305269722,0,Friday,53
TKT-0011,2026-03-27 01:05:00,,Low,Technical Bug,Phone,Team B,Open,1,3,Billing issue requires review and possible refund investigation.,37.0,48,0,1245.868971936389,1,Friday,64
TKT-0012,2026-03-07 06:14:00,2026-03-09 02:14:00,Low,Login Issue,Chat,Team B,Resolved,0,4,User cannot access account and has contacted support multiple times.,44.0,48,0,1720.718971936389,6,Saturday,68
TKT-0013,2026-02-15 04:18:00,2026-02-17 02:18:00,Low,Technical Bug,Phone,Team C,Closed,0,4,Policy related question needs accurate guidance from knowledge base.,46.0,48,0,2202.652305269722,4,Sunday,68
TKT-0014,2026-01-10 13:29:00,2026-01-11 22:29:00,High,Policy Question,Web Form,Specialist Team,Resolved,1,3,Customer is waiting for urgent resolution and needs clear next steps.,33.0,12,1,3057.4689719363887,13,Saturday,69
TKT-0015,2026-02-02 20:04:00,2026-02-04 03:04:00,Critical,Technical Bug,Chat,Team A,Resolved,1,2,User cannot access account and has contacted support multiple times.,31.0,6,1,2498.885638603055,20,Monday,68
TKT-0016,2026-01-18 15:23:00,2026-01-19 18:23:00,Medium,Billing,Chat,Specialist Team,Resolved,0,3,Billing issue requires review and possible refund investigation.,27.0,24,1,2863.5689719363886,15,Sunday,64
TKT-0017,2026-03-23 06:07:00,2026-03-26 02:07:00,Low,Technical Bug,Web Form,Specialist Team,Resolved,1,2,Billing issue requires review and possible refund investigation.,68.0,48,1,1336.8356386030555,6,Monday,64
TKT-0018,2026-02-15 12:30:00,2026-02-17 05:30:00,High,Login Issue,Email,Team B,Resolved,0,3,Billing issue requires review and possible refund investigation.,41.0,12,1,2194.4523052697223,12,Sunday,64
TKT-0019,2026-01-16 20:44:00,2026-01-18 02:44:00,High,Account Access,Phone,Team B,Closed,1,2,Billing issue requires review and possible refund investigation.,30.0,12,1,2906.2189719363887,20,Friday,64
TKT-0020,2026-02-08 09:39:00,2026-02-09 18:39:00,High,Policy Question,Chat,Team B,Closed,1,2,Campaign delivery problem needs technical validation.,33.0,12,1,2365.302305269722,9,Sunday,53
TKT-0021,2026-03-03 00:46:00,2026-03-04 22:46:00,Low,Billing,Phone,Specialist Team,Resolved,0,4,Billing issue requires review and possible refund investigation.,46.0,48,0,1822.1856386030556,0,Tuesday,64
TKT-0022,2026-03-18 15:51:00,2026-03-19 15:51:00,Critical,Ad Review,Phone,Team A,Resolved,1,3,User cannot access account and has contacted support multiple times.,24.0,6,1,1447.1023052697224,15,Wednesday,68
TKT-0023,2026-03-24 16:39:00,2026-03-25 16:39:00,Critical,Account Access,Email,Specialist Team,Closed,1,2,Customer is waiting for urgent resolution and needs clear next steps.,24.0,6,1,1302.3023052697222,16,Tuesday,69
TKT-0024,2026-03-08 15:50:00,2026-03-10 02:50:00,High,Login Issue,Web Form,Team B,Closed,1,2,Campaign delivery problem needs technical validation.,35.0,12,1,1687.118971936389,15,Sunday,53
TKT-0025,2026-03-21 09:25:00,2026-03-22 01:25:00,High,Billing,Chat,Team B,Resolved,0,3,User cannot access account and has contacted support multiple times.,16.0,12,1,1381.5356386030555,9,Saturday,68
TKT-0026,2026-03-23 06:42:00,2026-03-23 08:42:00,Critical,Login Issue,Chat,Team A,Closed,0,5,Policy related question needs accurate guidance from knowledge base.,2.0,6,0,1336.2523052697222,6,Monday,68
TKT-0027,2026-01-25 02:27:00,2026-01-25 20:27:00,Critical,Login Issue,Chat,Team A,Resolved,1,2,Billing issue requires review and possible refund investigation.,18.0,6,1,2708.502305269722,2,Sunday,64
TKT-0028,2026-02-14 14:34:00,2026-02-16 13:34:00,Medium,Login Issue,Email,Team C,Closed,0,3,Campaign delivery problem needs technical validation.,47.0,24,1,2216.3856386030557,14,Saturday,53
TKT-0029,2026-03-27 22:08:00,2026-03-29 03:08:00,Medium,Account Access,Email,Specialist Team,Resolved,0,4,User cannot access account and has contacted support multiple times.,29.0,24,1,1224.8189719363888,22,Friday,68
TKT-0030,2026-01-25 11:30:00,2026-01-27 14:30:00,Medium,Billing,Email,Team C,Resolved,0,4,Policy related question needs accurate guidance from knowledge base.,51.0,24,1,2699.452305269722,11,Sunday,68
TKT-0031,2026-01-11 00:15:00,2026-01-13 17:15:00,Low,Billing,Email,Specialist Team,Resolved,0,4,Campaign delivery problem needs technical validation.,65.0,48,1,3046.702305269722,0,Sunday,53
TKT-0032,2026-02-25 21:39:00,2026-02-27 03:39:00,Critical,Account Access,Chat,Team C,Resolved,0,4,Policy related question needs accurate guidance from knowledge base.,30.0,6,1,1945.3023052697222,21,Wednesday,68
TKT-0033,2026-02-14 15:59:00,2026-02-16 11:59:00,Medium,Login Issue,Web Form,Team B,Resolved,0,4,User cannot access account and has contacted support multiple times.,44.0,24,1,2214.9689719363887,15,Saturday,68
TKT-0034,2026-03-15 10:04:00,2026-03-17 23:04:00,Low,Ad Review,Email,Team B,Resolved,0,4,User cannot access account and has contacted support multiple times.,61.0,48,1,1524.8856386030557,10,Sunday,68
TKT-0035,2026-01-17 09:25:00,,High,Login Issue,Chat,Team B,Pending,1,3,User cannot access account and has contacted support multiple times.,37.0,12,1,2893.5356386030553,9,Saturday,68
TKT-0036,2026-03-03 04:20:00,2026-03-06 05:20:00,Low,Ad Review,Email,Team C,Resolved,0,4,Billing issue requires review and possible refund investigation.,73.0,48,1,1818.618971936389,4,Tuesday,64
TKT-0037,2026-03-30 15:39:00,2026-04-01 03:39:00,Low,Billing,Email,Team B,Resolved,0,5,Customer is waiting for urgent resolution and needs clear next steps.,36.0,48,0,1159.3023052697222,15,Monday,69
TKT-0038,2026-02-01 07:17:00,2026-02-02 16:17:00,High,Policy Question,Web Form,Team C,Resolved,0,3,Billing issue requires review and possible refund investigation.,33.0,12,1,2535.6689719363885,7,Sunday,64
TKT-0039,2026-01-16 14:17:00,2026-01-18 00:17:00,Low,Payment,Chat,Specialist Team,Resolved,0,5,Customer is waiting for urgent resolution and needs clear next steps.,34.0,48,0,2912.6689719363885,14,Friday,69
TKT-0040,2026-02-14 19:05:00,2026-02-15 20:05:00,Medium,Login Issue,Email,Team C,Resolved,1,2,Campaign delivery problem needs technical validation.,25.0,24,1,2211.868971936389,19,Saturday,53
TKT-0041,2026-02-16 01:39:00,2026-02-17 17:39:00,Low,Account Access,Chat,Team A,Resolved,0,5,User cannot access account and has contacted support multiple times.,40.0,48,0,2181.302305269722,1,Monday,68
TKT-0042,2026-02-23 13:40:00,2026-02-25 11:40:00,Medium,Policy Question,Chat,Team C,Resolved,1,3,Customer is waiting for urgent resolution and needs clear next steps.,46.0,24,1,2001.2856386030555,13,Monday,69
TKT-0043,2026-02-13 01:02:00,,Low,Payment,Chat,Specialist Team,Open,0,5,Campaign delivery problem needs technical validation.,37.0,48,0,2253.918971936389,1,Friday,53
TKT-0044,2026-03-26 19:34:00,2026-03-28 01:34:00,High,Technical Bug,Phone,Team B,Resolved,0,3,User cannot access account and has contacted support multiple times.,30.0,12,1,1251.3856386030557,19,Thursday,68
TKT-0045,2026-03-11 09:22:00,2026-03-11 15:22:00,Critical,Policy Question,Chat,Team A,Resolved,0,5,User cannot access account and has contacted support multiple times.,6.0,6,0,1621.5856386030555,9,Wednesday,68
TKT-0046,2026-01-10 18:05:00,2026-01-12 14:05:00,Medium,Technical Bug,Phone,Team B,Resolved,1,3,Campaign delivery problem needs technical validation.,44.0,24,1,3052.868971936389,18,Saturday,53
TKT-0047,2026-01-01 22:16:00,,Medium,Ad Review,Phone,Team B,Pending,1,3,User cannot access account and has contacted support multiple times.,37.0,24,1,3264.6856386030554,22,Thursday,68
TKT-0048,2026-01-01 12:21:00,2026-01-03 05:21:00,Medium,Technical Bug,Phone,Team B,Resolved,1,3,Customer is waiting for urgent resolution and needs clear next steps.,41.0,24,1,3274.602305269722,12,Thursday,69
TKT-0049,2026-01-25 21:25:00,2026-01-27 18:25:00,Medium,Technical Bug,Email,Team C,Resolved,1,2,User cannot access account and has contacted support multiple times.,45.0,24,1,2689.5356386030553,21,Sunday,68
TKT-0050,2026-03-08 19:48:00,2026-03-10 06:48:00,Medium,Technical Bug,Chat,Team C,Resolved,0,3,Campaign delivery problem needs technical validation.,35.0,24,1,1683.1523052697223,19,Sunday,53
TKT-0051,2026-03-28 14:08:00,2026-03-29 03:08:00,High,Policy Question,Email,Team B,Resolved,1,3,Customer is waiting for urgent resolution and needs clear next steps.,13.0,12,1,1208.8189719363888,14,Saturday,69
TKT-0052,2026-03-06 14:53:00,2026-03-08 15:53:00,Medium,Billing,Email,Team B,Resolved,0,4,Policy related question needs accurate guidance from knowledge base.,49.0,24,1,1736.0689719363888,14,Friday,68
TKT-0053,2026-01-17 00:42:00,2026-01-17 22:42:00,Medium,Payment,Web Form,Team C,Closed,0,5,User cannot access account and has contacted support multiple times.,22.0,24,0,2902.252305269722,0,Saturday,68
TKT-0054,2026-02-09 17:47:00,2026-02-10 23:47:00,Medium,Technical Bug,Web Form,Specialist Team,Resolved,0,4,Policy related question needs accurate guidance from knowledge base.,30.0,24,1,2333.1689719363885,17,Monday,68
TKT-0055,2026-02-04 04:04:00,2026-02-06 18:04:00,Medium,Ad Review,Phone,Team C,Resolved,0,4,Billing issue requires review and possible refund investigation.,62.0,24,1,2466.885638603055,4,Wednesday,64
TKT-0056,2026-01-18 07:44:00,2026-01-21 02:44:00,Low,Technical Bug,Phone,Team C,Resolved,0,3,User cannot access account and has contacted support multiple times.,67.0,48,1,2871.2189719363887,7,Sunday,68
TKT-0057,2026-02-23 12:05:00,2026-02-23 18:05:00,Critical,Billing,Phone,Specialist Team,Closed,0,5,Billing issue requires review and possible refund investigation.,6.0,6,0,2002.868971936389,12,Monday,64
TKT-0058,2026-03-08 08:13:00,2026-03-09 01:13:00,High,Login Issue,Email,Team A,Closed,1,3,User cannot access account and has contacted support multiple times.,17.0,12,1,1694.7356386030556,8,Sunday,68
TKT-0059,2026-03-29 03:17:00,,High,Payment,Phone,Team B,Open,1,3,User cannot access account and has contacted support multiple times.,37.0,12,1,1195.668971936389,3,Sunday,68
TKT-0060,2026-01-01 22:31:00,2026-01-04 02:31:00,Medium,Technical Bug,Phone,Team B,Resolved,1,3,Customer is waiting for urgent resolution and needs clear next steps.,52.0,24,1,3264.4356386030554,22,Thursday,69
TKT-0061,2026-02-25 17:48:00,,Medium,Technical Bug,Email,Team B,Open,1,3,Customer is waiting for urgent resolution and needs clear next steps.,37.0,24,1,1949.1523052697223,17,Wednesday,69
TKT-0062,2026-03-09 09:24:00,2026-03-10 14:24:00,Critical,Account Access,Email,Team C,Closed,1,3,Billing issue requires review and possible refund investigation.,29.0,6,1,1669.5523052697222,9,Monday,64
TKT-0063,2026-01-26 17:15:00,2026-01-28 02:15:00,Critical,Technical Bug,Phone,Team B,Closed,1,3,Campaign delivery problem needs technical validation.,33.0,6,1,2669.702305269722,17,Monday,53
TKT-0064,2026-02-05 01:46:00,2026-02-06 15:46:00,Low,Payment,Web Form,Specialist Team,Resolved,0,5,Campaign delivery problem needs technical validation.,38.0,48,0,2445.1856386030554,1,Thursday,53
TKT-0065,2026-01-09 16:58:00,2026-01-10 20:58:00,Critical,Login Issue,Chat,Specialist Team,Resolved,1,2,Billing issue requires review and possible refund investigation.,28.0,6,1,3077.985638603055,16,Friday,64
TKT-0066,2026-03-11 15:41:00,2026-03-13 15:41:00,Low,Technical Bug,Web Form,Team A,Resolved,0,5,User cannot access account and has contacted support multiple times.,48.0,48,0,1615.2689719363889,15,Wednesday,68
TKT-0067,2026-03-27 18:57:00,,High,Account Access,Chat,Specialist Team,Pending,1,3,Policy related question needs accurate guidance from knowledge base.,37.0,12,1,1228.0023052697222,18,Friday,68
TKT-0068,2026-02-03 04:15:00,2026-02-05 09:15:00,Low,Ad Review,Email,Team C,Resolved,0,4,Customer is waiting for urgent resolution and needs clear next steps.,53.0,48,1,2490.702305269722,4,Tuesday,69
TKT-0069,2026-03-12 18:24:00,2026-03-14 05:24:00,Medium,Account Access,Chat,Specialist Team,Resolved,1,3,Policy related question needs accurate guidance from knowledge base.,35.0,24,1,1588.5523052697222,18,Thursday,68
TKT-0070,2026-03-03 19:08:00,,Medium,Account Access,Chat,Team A,Open,0,3,Campaign delivery problem needs technical validation.,37.0,24,1,1803.8189719363888,19,Tuesday,53
TKT-0071,2026-03-16 00:19:00,2026-03-16 10:19:00,High,Policy Question,Email,Team B,Resolved,0,5,Policy related question needs accurate guidance from knowledge base.,10.0,12,0,1510.6356386030557,0,Monday,68
TKT-0072,2026-03-25 22:00:00,2026-03-27 19:00:00,Low,Policy Question,Web Form,Specialist Team,Closed,0,5,User cannot access account and has contacted support multiple times.,45.0,48,0,1272.9523052697223,22,Wednesday,68
TKT-0073,2026-01-27 06:33:00,2026-01-28 19:33:00,Critical,Billing,Web Form,Team A,Closed,1,3,User cannot access account and has contacted support multiple times.,37.0,6,1,2656.402305269722,6,Tuesday,68
TKT-0074,2026-01-07 17:41:00,2026-01-08 08:41:00,High,Login Issue,Phone,Specialist Team,Resolved,1,2,User cannot access account and has contacted support multiple times.,15.0,12,1,3125.268971936389,17,Wednesday,68
TKT-0075,2026-03-08 13:16:00,2026-03-11 05:16:00,Low,Account Access,Email,Team A,Resolved,0,4,User cannot access account and has contacted support multiple times.,64.0,48,1,1689.6856386030556,13,Sunday,68
TKT-0076,2026-03-23 10:33:00,2026-03-25 11:33:00,Low,Login Issue,Email,Specialist Team,Resolved,1,2,Campaign delivery problem needs technical validation.,49.0,48,1,1332.4023052697223,10,Monday,53
TKT-0077,2026-01-15 04:16:00,2026-01-18 01:16:00,Low,Technical Bug,Phone,Team B,Resolved,1,3,Billing issue requires review and possible refund investigation.,69.0,48,1,2946.6856386030554,4,Thursday,64
TKT-0078,2026-03-09 23:12:00,,Low,Ad Review,Email,Team B,Pending,1,3,User cannot access account and has contacted support multiple times.,37.0,48,0,1655.7523052697222,23,Monday,68
TKT-0079,2026-03-21 17:14:00,,Low,Ad Review,Email,Specialist Team,Open,0,3,Customer is waiting for urgent resolution and needs clear next steps.,37.0,48,0,1373.718971936389,17,Saturday,69
TKT-0080,2026-01-26 07:59:00,2026-01-28 03:59:00,Medium,Login Issue,Email,Team B,Resolved,1,3,Campaign delivery problem needs technical validation.,44.0,24,1,2678.9689719363887,7,Monday,53
TKT-0081,2026-02-23 22:46:00,2026-02-25 16:46:00,Low,Billing,Chat,Team C,Resolved,0,4,Campaign delivery problem needs technical validation.,42.0,48,0,1992.1856386030556,22,Monday,53
TKT-0082,2026-01-06 18:19:00,2026-01-09 00:19:00,Medium,Technical Bug,Phone,Team C,Resolved,1,3,Customer is waiting for urgent resolution and needs clear next steps.,54.0,24,1,3148.635638603055,18,Tuesday,69
TKT-0083,2026-03-02 07:26:00,2026-03-03 07:26:00,Critical,Billing,Chat,Specialist Team,Closed,1,3,Customer is waiting for urgent resolution and needs clear next steps.,24.0,6,1,1839.5189719363889,7,Monday,69
TKT-0084,2026-01-09 17:45:00,2026-01-11 15:45:00,Medium,Ad Review,Web Form,Team B,Resolved,0,4,Campaign delivery problem needs technical validation.,46.0,24,1,3077.202305269722,17,Friday,53
TKT-0085,2026-02-12 15:51:00,2026-02-13 19:51:00,Medium,Technical Bug,Email,Specialist Team,Resolved,0,4,Billing issue requires review and possible refund investigation.,28.0,24,1,2263.1023052697224,15,Thursday,64
TKT-0086,2026-02-03 14:47:00,2026-02-05 13:47:00,Low,Account Access,Phone,Team C,Resolved,0,4,Customer is waiting for urgent resolution and needs clear next steps.,47.0,48,0,2480.1689719363885,14,Tuesday,69
TKT-0087,2026-02-15 01:47:00,2026-02-15 17:47:00,High,Ad Review,Phone,Team C,Closed,0,4,Customer is waiting for urgent resolution and needs clear next steps.,16.0,12,1,2205.168971936389,1,Sunday,69
TKT-0088,2026-02-10 05:06:00,2026-02-12 10:06:00,Medium,Technical Bug,Web Form,Team C,Closed,1,3,User cannot access account and has contacted support multiple times.,53.0,24,1,2321.8523052697224,5,Tuesday,68
TKT-0089,2026-01-02 19:51:00,,Critical,Ad Review,Chat,Team B,Open,1,2,Customer is waiting for urgent resolution and needs clear next steps.,37.0,6,1,3243.102305269722,19,Friday,69
TKT-0090,2026-03-29 16:12:00,2026-03-30 14:12:00,Medium,Login Issue,Chat,Specialist Team,Resolved,0,5,Policy related question needs accurate guidance from knowledge base.,22.0,24,0,1182.7523052697222,16,Sunday,68
TKT-0091,2026-02-25 22:10:00,2026-02-26 05:10:00,Critical,Billing,Email,Team C,Resolved,1,2,Campaign delivery problem needs technical validation.,7.0,6,1,1944.7856386030555,22,Wednesday,53
TKT-0092,2026-01-30 21:14:00,2026-02-02 05:14:00,Low,Technical Bug,Chat,Team A,Resolved,0,4,Billing issue requires review and possible refund investigation.,56.0,48,1,2569.7189719363887,21,Friday,64
TKT-0093,2026-02-14 18:12:00,2026-02-15 21:12:00,Medium,Login Issue,Chat,Team B,Resolved,0,4,Billing issue requires review and possible refund investigation.,27.0,24,1,2212.7523052697225,18,Saturday,64
TKT-0094,2026-01-12 09:25:00,,Low,Login Issue,Chat,Team A,Pending,1,3,User cannot access account and has contacted support multiple times.,37.0,48,0,3013.5356386030553,9,Monday,68
TKT-0095,2026-03-18 20:58:00,2026-03-20 01:58:00,Medium,Ad Review,Chat,Team A,Resolved,0,3,User cannot access account and has contacted support multiple times.,29.0,24,1,1441.9856386030556,20,Wednesday,68
TKT-0096,2026-01-14 03:23:00,2026-01-14 21:23:00,Medium,Login Issue,Web Form,Team C,Resolved,0,4,Policy related question needs accurate guidance from knowledge base.,18.0,24,0,2971.5689719363886,3,Wednesday,68
TKT-0097,2026-03-02 00:13:00,,Low,Ad Review,Chat,Team A,Pending,1,2,User cannot access account and has contacted support multiple times.,37.0,48,0,1846.7356386030556,0,Monday,68
TKT-0098,2026-01-03 06:52:00,2026-01-04 19:52:00,Medium,Payment,Phone,Team B,Resolved,1,3,Policy related question needs accurate guidance from knowledge base.,37.0,24,1,3232.0856386030555,6,Saturday,68
TKT-0099,2026-03-24 20:04:00,2026-03-27 00:04:00,Medium,Policy Question,Web Form,Team B,Resolved,1,2,Billing issue requires review and possible refund investigation.,52.0,24,1,1298.8856386030557,20,Tuesday,64
TKT-0100,2026-03-12 06:18:00,,Medium,Technical Bug,Email,Team C,Open,0,4,Billing issue requires review and possible refund investigation.,37.0,24,1,1600.6523052697223,6,Thursday,64
TKT-0101,2026-02-03 23:25:00,2026-02-04 17:25:00,High,Login Issue,Email,Specialist Team,Resolved,0,4,Campaign delivery problem needs technical validation.,18.0,12,1,2471.5356386030553,23,Tuesday,53
TKT-0102,2026-01-29 01:08:00,2026-01-30 12:08:00,Low,Account Access,Chat,Specialist Team,Resolved,0,5,Policy related question needs accurate guidance from knowledge base.,35.0,48,0,2613.8189719363886,1,Thursday,68
TKT-0103,2026-01-30 15:09:00,2026-01-31 15:09:00,Medium,Login Issue,Chat,Team A,Resolved,0,5,Billing issue requires review and possible refund investigation.,24.0,24,0,2575.802305269722,15,Friday,64
TKT-0104,2026-01-22 22:53:00,2026-01-24 08:53:00,Critical,Technical Bug,Phone,Team A,Resolved,0,4,User cannot access account and has contacted support multiple times.,34.0,6,1,2760.0689719363886,22,Thursday,68
TKT-0105,2026-03-11 08:39:00,2026-03-13 04:39:00,High,Policy Question,Web Form,Team B,Resolved,1,2,User cannot access account and has contacted support multiple times.,44.0,12,1,1622.3023052697222,8,Wednesday,68
TKT-0106,2026-03-07 19:22:00,2026-03-10 12:22:00,Low,Login Issue,Chat,Team A,Closed,0,3,Billing issue requires review and possible refund investigation.,65.0,48,1,1707.5856386030555,19,Saturday,64
TKT-0107,2026-01-21 10:24:00,2026-01-22 23:24:00,Medium,Account Access,Phone,Specialist Team,Resolved,0,3,Billing issue requires review and possible refund investigation.,37.0,24,1,2796.552305269722,10,Wednesday,64
TKT-0108,2026-03-18 14:32:00,2026-03-20 13:32:00,Medium,Billing,Email,Specialist Team,Resolved,0,4,User cannot access account and has contacted support multiple times.,47.0,24,1,1448.418971936389,14,Wednesday,68
TKT-0109,2026-03-23 02:25:00,2026-03-25 07:25:00,Low,Login Issue,Phone,Specialist Team,Resolved,0,3,Customer is waiting for urgent resolution and needs clear next steps.,53.0,48,1,1340.5356386030555,2,Monday,69
TKT-0110,2026-01-08 06:40:00,2026-01-09 15:40:00,Low,Payment,Phone,Team A,Closed,0,5,User cannot access account and has contacted support multiple times.,33.0,48,0,3112.2856386030553,6,Thursday,68
TKT-0111,2026-01-05 17:54:00,,Low,Account Access,Email,Team B,Pending,0,5,Billing issue requires review and possible refund investigation.,37.0,48,0,3173.052305269722,17,Monday,64
TKT-0112,2026-01-29 12:43:00,2026-01-30 12:43:00,High,Login Issue,Email,Team C,Resolved,1,3,User cannot access account and has contacted support multiple times.,24.0,12,1,2602.235638603055,12,Thursday,68
TKT-0113,2026-02-13 17:32:00,2026-02-15 11:32:00,Critical,Technical Bug,Chat,Team C,Resolved,1,3,User cannot access account and has contacted support multiple times.,42.0,6,1,2237.418971936389,17,Friday,68
TKT-0114,2026-03-11 04:10:00,2026-03-12 16:10:00,Medium,Ad Review,Phone,Specialist Team,Closed,1,2,Customer is waiting for urgent resolution and needs clear next steps.,36.0,24,1,1626.7856386030555,4,Wednesday,69
TKT-0115,2026-03-03 17:55:00,2026-03-05 21:55:00,Medium,Account Access,Email,Team C,Resolved,0,4,Billing issue requires review and possible refund investigation.,52.0,24,1,1805.0356386030555,17,Tuesday,64
TKT-0116,2026-03-06 11:23:00,2026-03-08 17:23:00,Medium,Ad Review,Phone,Team A,Resolved,0,4,Billing issue requires review and possible refund investigation.,54.0,24,1,1739.5689719363888,11,Friday,64
TKT-0117,2026-03-30 09:16:00,2026-03-31 05:16:00,Medium,Policy Question,Phone,Team A,Resolved,0,5,Policy related question needs accurate guidance from knowledge base.,20.0,24,0,1165.6856386030556,9,Monday,68
TKT-0118,2026-03-16 02:26:00,2026-03-17 10:26:00,Medium,Billing,Chat,Specialist Team,Resolved,1,3,Customer is waiting for urgent resolution and needs clear next steps.,32.0,24,1,1508.5189719363889,2,Monday,69
TKT-0119,2026-03-02 21:19:00,2026-03-05 06:19:00,Low,Ad Review,Chat,Specialist Team,Resolved,1,2,Campaign delivery problem needs technical validation.,57.0,48,1,1825.6356386030557,21,Monday,53
TKT-0120,2026-01-28 09:08:00,2026-01-30 19:08:00,Low,Policy Question,Chat,Team B,Resolved,0,3,Billing issue requires review and possible refund investigation.,58.0,48,1,2629.8189719363886,9,Wednesday,64
TKT-0121,2026-03-10 22:51:00,2026-03-13 08:51:00,Low,Billing,Email,Team C,Resolved,0,4,User cannot access account and has contacted support multiple times.,58.0,48,1,1632.1023052697224,22,Tuesday,68
TKT-0122,2026-01-29 12:57:00,2026-01-31 05:57:00,Low,Billing,Email,Specialist Team,Resolved,0,5,Customer is waiting for urgent resolution and needs clear next steps.,41.0,48,0,2602.002305269722,12,Thursday,69
TKT-0123,2026-01-03 10:39:00,2026-01-04 16:39:00,Medium,Login Issue,Chat,Specialist Team,Resolved,0,3,Campaign delivery problem needs technical validation.,30.0,24,1,3228.302305269722,10,Saturday,53
TKT-0124,2026-01-31 03:32:00,2026-02-02 15:32:00,Medium,Ad Review,Email,Specialist Team,Resolved,0,3,Campaign delivery problem needs technical validation.,60.0,24,1,2563.4189719363885,3,Saturday,53
TKT-0125,2026-01-15 01:47:00,2026-01-16 11:47:00,Medium,Login Issue,Chat,Team A,Resolved,1,3,Billing issue requires review and possible refund investigation.,34.0,24,1,2949.1689719363885,1,Thursday,64
TKT-0126,2026-01-10 07:17:00,2026-01-11 19:17:00,Medium,Payment,Web Form,Team C,Resolved,0,4,Customer is waiting for urgent resolution and needs clear next steps.,36.0,24,1,3063.6689719363885,7,Saturday,69
TKT-0127,2026-03-28 22:00:00,2026-03-31 00:00:00,Low,Login Issue,Chat,Team B,Resolved,0,3,User cannot access account and has contacted support multiple times.,50.0,48,1,1200.9523052697223,22,Saturday,68
TKT-0128,2026-03-07 02:58:00,2026-03-08 19:58:00,High,Payment,Web Form,Specialist Team,Closed,0,3,User cannot access account and has contacted support multiple times.,41.0,12,1,1723.9856386030556,2,Saturday,68
TKT-0129,2026-02-22 20:50:00,2026-02-24 11:50:00,Low,Account Access,Email,Team B,Resolved,0,5,Customer is waiting for urgent resolution and needs clear next steps.,39.0,48,0,2018.118971936389,20,Sunday,69
TKT-0130,2026-01-28 22:22:00,2026-01-29 02:22:00,Critical,Payment,Email,Team A,Resolved,0,5,Customer is waiting for urgent resolution and needs clear next steps.,4.0,6,0,2616.5856386030555,22,Wednesday,69
TKT-0131,2026-01-09 07:04:00,,High,Policy Question,Phone,Team B,Open,1,2,Campaign delivery problem needs technical validation.,37.0,12,1,3087.885638603055,7,Friday,53
TKT-0132,2026-01-19 14:15:00,2026-01-21 01:15:00,Low,Billing,Email,Team A,Closed,0,4,Billing issue requires review and possible refund investigation.,35.0,48,0,2840.702305269722,14,Monday,64
TKT-0133,2026-03-23 18:06:00,2026-03-25 20:06:00,Low,Policy Question,Chat,Team C,Resolved,1,3,Billing issue requires review and possible refund investigation.,50.0,48,1,1324.8523052697224,18,Monday,64
TKT-0134,2026-02-18 13:03:00,2026-02-19 23:03:00,High,Ad Review,Phone,Specialist Team,Resolved,1,3,Customer is waiting for urgent resolution and needs clear next steps.,34.0,12,1,2121.902305269722,13,Wednesday,69
TKT-0135,2026-03-16 19:33:00,2026-03-18 21:33:00,High,Ad Review,Web Form,Team A,Resolved,0,3,Billing issue requires review and possible refund investigation.,50.0,12,1,1491.4023052697223,19,Monday,64
TKT-0136,2026-01-30 09:27:00,2026-01-31 15:27:00,Low,Login Issue,Phone,Team A,Resolved,0,5,Campaign delivery problem needs technical validation.,30.0,48,0,2581.502305269722,9,Friday,53
TKT-0137,2026-02-01 19:31:00,2026-02-03 07:31:00,Medium,Policy Question,Phone,Team B,Closed,0,4,Campaign delivery problem needs technical validation.,36.0,24,1,2523.4356386030554,19,Sunday,53
TKT-0138,2026-01-29 15:07:00,2026-01-31 04:07:00,Critical,Policy Question,Email,Specialist Team,Closed,0,4,Campaign delivery problem needs technical validation.,37.0,6,1,2599.8356386030555,15,Thursday,53
TKT-0139,2026-01-16 00:27:00,2026-01-17 03:27:00,High,Billing,Phone,Team B,Resolved,0,4,User cannot access account and has contacted support multiple times.,27.0,12,1,2926.502305269722,0,Friday,68
TKT-0140,2026-03-20 23:08:00,2026-03-22 13:08:00,Medium,Policy Question,Email,Team C,Resolved,0,4,Policy related question needs accurate guidance from knowledge base.,38.0,24,1,1391.8189719363888,23,Friday,68
TKT-0141,2026-02-25 12:10:00,2026-02-26 14:10:00,Medium,Payment,Phone,Team B,Resolved,0,3,User cannot access account and has contacted support multiple times.,26.0,24,1,1954.7856386030555,12,Wednesday,68
TKT-0142,2026-03-28 23:12:00,2026-03-30 20:12:00,Low,Policy Question,Chat,Team B,Closed,0,4,Policy related question needs accurate guidance from knowledge base.,45.0,48,0,1199.7523052697222,23,Saturday,68
TKT-0143,2026-03-01 19:10:00,,Low,Login Issue,Phone,Team A,Pending,0,5,User cannot access account and has contacted support multiple times.,37.0,48,0,1851.7856386030555,19,Sunday,68
TKT-0144,2026-03-07 21:09:00,2026-03-09 02:09:00,Critical,Policy Question,Phone,Team C,Resolved,1,3,Billing issue requires review and possible refund investigation.,29.0,6,1,1705.8023052697222,21,Saturday,64
TKT-0145,2026-02-05 13:56:00,2026-02-07 10:56:00,Medium,Billing,Email,Specialist Team,Closed,0,3,Billing issue requires review and possible refund investigation.,45.0,24,1,2433.018971936389,13,Thursday,64
TKT-0146,2026-03-21 09:01:00,,Low,Account Access,Web Form,Team A,Open,0,5,Policy related question needs accurate guidance from knowledge base.,37.0,48,0,1381.9356386030556,9,Saturday,68
TKT-0147,2026-03-14 05:54:00,2026-03-15 18:54:00,Low,Payment,Chat,Team B,Resolved,0,5,Billing issue requires review and possible refund investigation.,37.0,48,0,1553.0523052697222,5,Saturday,64
TKT-0148,2026-01-18 00:57:00,2026-01-19 10:57:00,Medium,Policy Question,Web Form,Team B,Closed,0,4,Policy related question needs accurate guidance from knowledge base.,34.0,24,1,2878.002305269722,0,Sunday,68
TKT-0149,2026-03-12 04:33:00,2026-03-12 22:33:00,Medium,Policy Question,Chat,Team C,Resolved,0,5,Customer is waiting for urgent resolution and needs clear next steps.,18.0,24,0,1602.4023052697223,4,Thursday,69
TKT-0150,2026-01-07 20:16:00,2026-01-08 20:16:00,Medium,Login Issue,Chat,Team C,Closed,0,5,Policy related question needs accurate guidance from knowledge base.,24.0,24,0,3122.6856386030554,20,Wednesday,68
TKT-0151,2026-02-05 07:45:00,2026-02-07 03:45:00,Medium,Billing,Phone,Team C,Closed,0,3,User cannot access account and has contacted support multiple times.,44.0,24,1,2439.202305269722,7,Thursday,68
TKT-0152,2026-03-09 07:32:00,2026-03-10 07:32:00,High,Billing,Phone,Team A,Resolved,1,3,Customer is waiting for urgent resolution and needs clear next steps.,24.0,12,1,1671.418971936389,7,Monday,69
TKT-0153,2026-03-13 18:58:00,2026-03-14 18:58:00,Medium,Payment,Phone,Team C,Resolved,0,4,Campaign delivery problem needs technical validation.,24.0,24,0,1563.9856386030556,18,Friday,53
TKT-0154,2026-04-01 06:14:00,2026-04-02 02:14:00,Critical,Technical Bug,Web Form,Team B,Resolved,0,3,User cannot access account and has contacted support multiple times.,20.0,6,1,1120.718971936389,6,Wednesday,68
TKT-0155,2026-03-22 09:41:00,2026-03-24 05:41:00,Medium,Login Issue,Chat,Team C,Resolved,1,2,User cannot access account and has contacted support multiple times.,44.0,24,1,1357.2689719363889,9,Sunday,68
TKT-0156,2026-03-22 10:22:00,,High,Login Issue,Phone,Specialist Team,Pending,0,3,Billing issue requires review and possible refund investigation.,37.0,12,1,1356.5856386030555,10,Sunday,64
TKT-0157,2026-03-03 10:15:00,2026-03-05 15:15:00,Medium,Ad Review,Web Form,Specialist Team,Resolved,1,3,User cannot access account and has contacted support multiple times.,53.0,24,1,1812.7023052697223,10,Tuesday,68
TKT-0158,2026-02-22 01:54:00,2026-02-24 04:54:00,Medium,Billing,Phone,Team B,Closed,0,4,Customer is waiting for urgent resolution and needs clear next steps.,51.0,24,1,2037.0523052697222,1,Sunday,69
TKT-0159,2026-02-06 03:04:00,2026-02-07 19:04:00,Medium,Ad Review,Email,Team B,Resolved,0,4,User cannot access account and has contacted support multiple times.,40.0,24,1,2419.885638603055,3,Friday,68
TKT-0160,2026-03-11 00:50:00,2026-03-12 06:50:00,Medium,Account Access,Email,Team C,Resolved,1,3,Campaign delivery problem needs technical validation.,30.0,24,1,1630.118971936389,0,Wednesday,53
TKT-0161,2026-01-21 07:35:00,2026-01-24 03:35:00,Low,Technical Bug,Chat,Team B,Resolved,1,3,User cannot access account and has contacted support multiple times.,68.0,48,1,2799.368971936389,7,Wednesday,68
TKT-0162,2026-03-26 04:15:00,2026-03-27 18:15:00,Medium,Account Access,Email,Team B,Resolved,0,3,Billing issue requires review and possible refund investigation.,38.0,24,1,1266.7023052697223,4,Thursday,64
TKT-0163,2026-03-21 19:23:00,2026-03-23 12:23:00,Medium,Payment,Email,Team B,Resolved,1,2,Customer is waiting for urgent resolution and needs clear next steps.,41.0,24,1,1371.5689719363888,19,Saturday,69
TKT-0164,2026-02-26 17:51:00,2026-02-27 04:51:00,Critical,Account Access,Web Form,Specialist Team,Resolved,0,4,Customer is waiting for urgent resolution and needs clear next steps.,11.0,6,1,1925.1023052697224,17,Thursday,69
TKT-0165,2026-03-04 19:21:00,2026-03-06 16:21:00,Medium,Account Access,Chat,Team C,Resolved,1,3,Billing issue requires review and possible refund investigation.,45.0,24,1,1779.6023052697224,19,Wednesday,64
TKT-0166,2026-02-20 07:22:00,2026-02-22 07:22:00,High,Technical Bug,Phone,Team C,Resolved,1,3,Customer is waiting for urgent resolution and needs clear next steps.,48.0,12,1,2079.5856386030555,7,Friday,69
TKT-0167,2026-02-26 19:12:00,2026-02-27 23:12:00,Medium,Ad Review,Chat,Team A,Resolved,0,4,Policy related question needs accurate guidance from knowledge base.,28.0,24,1,1923.7523052697222,19,Thursday,68
TKT-0168,2026-01-09 19:25:00,2026-01-11 19:25:00,Medium,Billing,Email,Team B,Resolved,0,3,Policy related question needs accurate guidance from knowledge base.,48.0,24,1,3075.5356386030553,19,Friday,68
TKT-0169,2026-03-06 12:39:00,2026-03-07 20:39:00,Low,Payment,Email,Team B,Closed,0,5,User cannot access account and has contacted support multiple times.,32.0,48,0,1738.3023052697222,12,Friday,68
TKT-0170,2026-01-18 15:42:00,2026-01-19 21:42:00,Low,Billing,Web Form,Team A,Resolved,0,5,Billing issue requires review and possible refund investigation.,30.0,48,0,2863.252305269722,15,Sunday,64
TKT-0171,2026-02-14 08:55:00,2026-02-15 11:55:00,Medium,Technical Bug,Email,Team C,Resolved,0,4,Campaign delivery problem needs technical validation.,27.0,24,1,2222.0356386030558,8,Saturday,53
TKT-0172,2026-03-31 10:02:00,2026-04-01 22:02:00,High,Policy Question,Web Form,Specialist Team,Resolved,0,3,User cannot access account and has contacted support multiple times.,36.0,12,1,1140.918971936389,10,Tuesday,68
TKT-0173,2026-03-23 11:49:00,,Medium,Billing,Email,Specialist Team,Open,0,4,Customer is waiting for urgent resolution and needs clear next steps.,37.0,24,1,1331.1356386030557,11,Monday,69
TKT-0174,2026-01-02 22:43:00,2026-01-03 23:43:00,Medium,Policy Question,Email,Team B,Resolved,1,2,Policy related question needs accurate guidance from knowledge base.,25.0,24,1,3240.235638603055,22,Friday,68
TKT-0175,2026-02-11 16:28:00,2026-02-12 09:28:00,High,Login Issue,Email,Team C,Closed,1,2,Policy related question needs accurate guidance from knowledge base.,17.0,12,1,2286.4856386030556,16,Wednesday,68
TKT-0176,2026-03-27 08:29:00,2026-03-28 10:29:00,Medium,Ad Review,Email,Team A,Resolved,0,3,Policy related question needs accurate guidance from knowledge base.,26.0,24,1,1238.468971936389,8,Friday,68
TKT-0177,2026-01-14 22:24:00,2026-01-15 19:24:00,Medium,Payment,Chat,Specialist Team,Resolved,0,4,Campaign delivery problem needs technical validation.,21.0,24,0,2952.552305269722,22,Wednesday,53
TKT-0178,2026-03-22 12:43:00,2026-03-24 04:43:00,Low,Policy Question,Email,Team C,Resolved,0,5,Campaign delivery problem needs technical validation.,40.0,48,0,1354.2356386030556,12,Sunday,53
TKT-0179,2026-03-08 03:49:00,2026-03-09 12:49:00,High,Ad Review,Phone,Team C,Resolved,0,3,Billing issue requires review and possible refund investigation.,33.0,12,1,1699.1356386030557,3,Sunday,64
TKT-0180,2026-01-03 23:53:00,2026-01-05 20:53:00,Low,Policy Question,Phone,Specialist Team,Resolved,0,4,Campaign delivery problem needs technical validation.,45.0,48,0,3215.0689719363886,23,Saturday,53
TKT-0181,2026-02-10 07:51:00,2026-02-11 17:51:00,Medium,Payment,Email,Team C,Resolved,1,3,Billing issue requires review and possible refund investigation.,34.0,24,1,2319.1023052697224,7,Tuesday,64
TKT-0182,2026-01-25 08:51:00,2026-01-27 03:51:00,High,Account Access,Chat,Team C,Closed,1,3,Policy related question needs accurate guidance from knowledge base.,43.0,12,1,2702.102305269722,8,Sunday,68
TKT-0183,2026-03-25 01:51:00,2026-03-25 22:51:00,Medium,Policy Question,Chat,Team C,Closed,0,5,User cannot access account and has contacted support multiple times.,21.0,24,0,1293.1023052697224,1,Wednesday,68
TKT-0184,2026-02-13 19:37:00,2026-02-15 13:37:00,High,Policy Question,Web Form,Specialist Team,Resolved,0,4,Campaign delivery problem needs technical validation.,42.0,12,1,2235.3356386030555,19,Friday,53
TKT-0185,2026-03-31 06:57:00,2026-04-02 20:57:00,Low,Policy Question,Phone,Specialist Team,Resolved,1,3,Customer is waiting for urgent resolution and needs clear next steps.,62.0,48,1,1144.0023052697222,6,Tuesday,69
TKT-0186,2026-02-01 04:51:00,,High,Ad Review,Phone,Specialist Team,Open,1,3,Billing issue requires review and possible refund investigation.,37.0,12,1,2538.102305269722,4,Sunday,64
TKT-0187,2026-01-19 10:23:00,2026-01-21 00:23:00,Medium,Policy Question,Email,Team B,Resolved,1,2,Policy related question needs accurate guidance from knowledge base.,38.0,24,1,2844.5689719363886,10,Monday,68
TKT-0188,2026-01-04 20:06:00,,Low,Policy Question,Web Form,Team B,Open,0,5,Campaign delivery problem needs technical validation.,37.0,48,0,3194.852305269722,20,Sunday,53
TKT-0189,2026-01-17 21:28:00,2026-01-18 07:28:00,High,Policy Question,Chat,Team C,Resolved,0,5,Customer is waiting for urgent resolution and needs clear next steps.,10.0,12,0,2881.485638603055,21,Saturday,69
TKT-0190,2026-01-06 00:03:00,,Low,Ad Review,Web Form,Specialist Team,Open,0,4,Campaign delivery problem needs technical validation.,37.0,48,0,3166.902305269722,0,Tuesday,53
TKT-0191,2026-01-21 19:45:00,,Critical,Ad Review,Phone,Team B,Pending,0,4,User cannot access account and has contacted support multiple times.,37.0,6,1,2787.202305269722,19,Wednesday,68
TKT-0192,2026-03-05 15:15:00,,Critical,Login Issue,Chat,Team A,Open,1,2,Customer is waiting for urgent resolution and needs clear next steps.,37.0,6,1,1759.7023052697223,15,Thursday,69
TKT-0193,2026-01-09 08:16:00,2026-01-09 22:16:00,High,Payment,Web Form,Team A,Resolved,0,3,Billing issue requires review and possible refund investigation.,14.0,12,1,3086.6856386030554,8,Friday,64
TKT-0194,2026-03-17 15:48:00,2026-03-19 09:48:00,Medium,Technical Bug,Phone,Team C,Resolved,0,4,User cannot access account and has contacted support multiple times.,42.0,24,1,1471.1523052697223,15,Tuesday,68
TKT-0195,2026-03-17 15:15:00,2026-03-18 11:15:00,High,Payment,Email,Specialist Team,Closed,1,3,Customer is waiting for urgent resolution and needs clear next steps.,20.0,12,1,1471.7023052697223,15,Tuesday,69
TKT-0196,2026-03-06 00:56:00,2026-03-07 08:56:00,High,Policy Question,Web Form,Team A,Closed,0,4,Billing issue requires review and possible refund investigation.,32.0,12,1,1750.0189719363889,0,Friday,64
TKT-0197,2026-02-10 05:30:00,2026-02-12 09:30:00,Low,Ad Review,Chat,Team C,Closed,1,3,Policy related question needs accurate guidance from knowledge base.,52.0,48,1,2321.4523052697223,5,Tuesday,68
TKT-0198,2026-01-26 00:28:00,2026-01-27 07:28:00,High,Ad Review,Web Form,Specialist Team,Resolved,1,3,Billing issue requires review and possible refund investigation.,31.0,12,1,2686.485638603055,0,Monday,64
TKT-0199,2026-01-29 23:16:00,2026-01-31 08:16:00,Medium,Ad Review,Web Form,Specialist Team,Resolved,0,3,User cannot access account and has contacted support multiple times.,33.0,24,1,2591.6856386030554,23,Thursday,68
TKT-0200,2026-03-23 19:53:00,,Low,Ad Review,Chat,Team C,Pending,0,4,Customer is waiting for urgent resolution and needs clear next steps.,37.0,48,0,1323.0689719363888,19,Monday,69
TKT-0201,2026-03-08 22:18:00,,Medium,Login Issue,Email,Team C,Pending,1,2,Billing issue requires review and possible refund investigation.,37.0,24,1,1680.6523052697223,22,Sunday,64
TKT-0202,2026-03-29 12:08:00,2026-03-31 05:08:00,Medium,Policy Question,Phone,Team B,Resolved,0,4,Billing issue requires review and possible refund investigation.,41.0,24,1,1186.8189719363888,12,Sunday,64
TKT-0203,2026-02-01 04:08:00,2026-02-02 00:08:00,High,Account Access,Chat,Team B,Resolved,0,3,Campaign delivery problem needs technical validation.,20.0,12,1,2538.8189719363886,4,Sunday,53
TKT-0204,2026-02-17 01:11:00,2026-02-18 19:11:00,Low,Account Access,Chat,Team C,Resolved,0,4,Policy related question needs accurate guidance from knowledge base.,42.0,48,0,2157.768971936389,1,Tuesday,68
TKT-0205,2026-03-11 23:53:00,2026-03-13 01:53:00,High,Billing,Phone,Team C,Closed,0,4,Campaign delivery problem needs technical validation.,26.0,12,1,1607.0689719363888,23,Wednesday,53
TKT-0206,2026-03-23 16:08:00,2026-03-25 20:08:00,High,Ad Review,Chat,Team B,Closed,1,3,Billing issue requires review and possible refund investigation.,52.0,12,1,1326.8189719363888,16,Monday,64
TKT-0207,2026-01-02 03:22:00,2026-01-04 03:22:00,Medium,Technical Bug,Email,Team A,Closed,0,4,Campaign delivery problem needs technical validation.,48.0,24,1,3259.5856386030555,3,Friday,53
TKT-0208,2026-01-11 18:18:00,2026-01-13 10:18:00,High,Payment,Web Form,Specialist Team,Resolved,1,3,Customer is waiting for urgent resolution and needs clear next steps.,40.0,12,1,3028.652305269722,18,Sunday,69
TKT-0209,2026-02-08 12:39:00,2026-02-11 05:39:00,Low,Billing,Phone,Team C,Closed,1,3,User cannot access account and has contacted support multiple times.,65.0,48,1,2362.302305269722,12,Sunday,68
TKT-0210,2026-02-14 22:01:00,2026-02-16 10:01:00,High,Payment,Web Form,Team B,Resolved,0,4,Billing issue requires review and possible refund investigation.,36.0,12,1,2208.9356386030554,22,Saturday,64
TKT-0211,2026-01-22 08:29:00,2026-01-23 09:29:00,Medium,Account Access,Phone,Team A,Resolved,0,3,Policy related question needs accurate guidance from knowledge base.,25.0,24,1,2774.4689719363887,8,Thursday,68
TKT-0212,2026-02-09 03:55:00,,Low,Payment,Web Form,Specialist Team,Open,0,5,Campaign delivery problem needs technical validation.,37.0,48,0,2347.0356386030553,3,Monday,53
TKT-0213,2026-03-14 02:38:00,2026-03-14 13:38:00,High,Account Access,Email,Specialist Team,Closed,1,4,Billing issue requires review and possible refund investigation.,11.0,12,0,1556.3189719363888,2,Saturday,64
TKT-0214,2026-03-16 16:53:00,2026-03-18 05:53:00,Critical,Policy Question,Phone,Specialist Team,Resolved,1,2,Billing issue requires review and possible refund investigation.,37.0,6,1,1494.0689719363888,16,Monday,64
TKT-0215,2026-02-12 21:55:00,2026-02-13 21:55:00,Medium,Payment,Email,Team C,Resolved,0,5,Billing issue requires review and possible refund investigation.,24.0,24,0,2257.0356386030558,21,Thursday,64
TKT-0216,2026-03-16 05:12:00,,Medium,Billing,Chat,Team B,Pending,0,4,Customer is waiting for urgent resolution and needs clear next steps.,37.0,24,1,1505.7523052697222,5,Monday,69
TKT-0217,2026-01-08 04:02:00,2026-01-09 22:02:00,High,Account Access,Phone,Team C,Closed,1,3,Billing issue requires review and possible refund investigation.,42.0,12,1,3114.9189719363885,4,Thursday,64
TKT-0218,2026-01-22 02:33:00,2026-01-23 15:33:00,Low,Login Issue,Email,Team C,Resolved,0,4,User cannot access account and has contacted support multiple times.,37.0,48,0,2780.402305269722,2,Thursday,68
TKT-0219,2026-01-21 21:03:00,2026-01-23 20:03:00,Medium,Account Access,Phone,Team A,Resolved,0,4,Customer is waiting for urgent resolution and needs clear next steps.,47.0,24,1,2785.902305269722,21,Wednesday,69
TKT-0220,2026-03-29 15:08:00,2026-03-30 22:08:00,High,Technical Bug,Phone,Team C,Closed,1,3,Policy related question needs accurate guidance from knowledge base.,31.0,12,1,1183.8189719363888,15,Sunday,68
TKT-0221,2026-02-08 03:41:00,2026-02-10 08:41:00,Medium,Account Access,Phone,Specialist Team,Resolved,0,4,Customer is waiting for urgent resolution and needs clear next steps.,53.0,24,1,2371.268971936389,3,Sunday,69
TKT-0222,2026-02-11 16:21:00,,Low,Account Access,Web Form,Specialist Team,Open,0,5,User cannot access account and has contacted support multiple times.,37.0,48,0,2286.6023052697224,16,Wednesday,68
TKT-0223,2026-02-25 14:35:00,2026-02-27 10:35:00,Medium,Ad Review,Phone,Team B,Resolved,1,2,Customer is waiting for urgent resolution and needs clear next steps.,44.0,24,1,1952.368971936389,14,Wednesday,69
TKT-0224,2026-03-01 17:28:00,2026-03-03 09:28:00,Medium,Account Access,Web Form,Specialist Team,Closed,1,3,User cannot access account and has contacted support multiple times.,40.0,24,1,1853.4856386030556,17,Sunday,68
TKT-0225,2026-03-13 11:21:00,2026-03-15 14:21:00,Medium,Login Issue,Chat,Team C,Resolved,0,4,Billing issue requires review and possible refund investigation.,51.0,24,1,1571.6023052697224,11,Friday,64
TKT-0226,2026-01-23 01:26:00,2026-01-24 16:26:00,High,Billing,Web Form,Team A,Resolved,1,3,Policy related question needs accurate guidance from knowledge base.,39.0,12,1,2757.518971936389,1,Friday,68
TKT-0227,2026-01-20 06:24:00,2026-01-21 12:24:00,High,Payment,Web Form,Team C,Resolved,1,2,Policy related question needs accurate guidance from knowledge base.,30.0,12,1,2824.552305269722,6,Tuesday,68
TKT-0228,2026-03-07 22:41:00,2026-03-09 20:41:00,Medium,Policy Question,Web Form,Specialist Team,Resolved,0,4,Campaign delivery problem needs technical validation.,46.0,24,1,1704.2689719363889,22,Saturday,53
TKT-0229,2026-03-06 16:37:00,,Low,Policy Question,Phone,Team C,Pending,0,5,Campaign delivery problem needs technical validation.,37.0,48,0,1734.3356386030555,16,Friday,53
TKT-0230,2026-01-03 03:01:00,2026-01-05 19:01:00,Low,Account Access,Web Form,Team C,Closed,0,4,Policy related question needs accurate guidance from knowledge base.,64.0,48,1,3235.9356386030554,3,Saturday,68
TKT-0231,2026-03-30 14:46:00,2026-03-31 18:46:00,Medium,Technical Bug,Web Form,Team C,Resolved,0,4,Customer is waiting for urgent resolution and needs clear next steps.,28.0,24,1,1160.1856386030556,14,Monday,69
TKT-0232,2026-03-31 23:14:00,,Low,Ad Review,Web Form,Team B,Pending,0,4,Policy related question needs accurate guidance from knowledge base.,37.0,48,0,1127.718971936389,23,Tuesday,68
TKT-0233,2026-02-28 22:44:00,2026-03-02 15:44:00,Medium,Policy Question,Email,Team B,Resolved,0,4,Policy related question needs accurate guidance from knowledge base.,41.0,24,1,1872.218971936389,22,Saturday,68
TKT-0234,2026-01-31 07:07:00,2026-02-01 19:07:00,Medium,Ad Review,Phone,Specialist Team,Resolved,0,4,Policy related question needs accurate guidance from knowledge base.,36.0,24,1,2559.8356386030555,7,Saturday,68
TKT-0235,2026-02-02 10:26:00,,Low,Payment,Email,Team C,Pending,0,4,Campaign delivery problem needs technical validation.,37.0,48,0,2508.518971936389,10,Monday,53
TKT-0236,2026-01-03 03:50:00,2026-01-05 10:50:00,Low,Payment,Email,Team C,Closed,0,3,Customer is waiting for urgent resolution and needs clear next steps.,55.0,48,1,3235.118971936389,3,Saturday,69
TKT-0237,2026-02-03 21:11:00,2026-02-06 03:11:00,Medium,Account Access,Phone,Team B,Resolved,0,4,User cannot access account and has contacted support multiple times.,54.0,24,1,2473.768971936389,21,Tuesday,68
TKT-0238,2026-03-30 19:48:00,,Medium,Billing,Email,Team A,Open,0,4,Policy related question needs accurate guidance from knowledge base.,37.0,24,1,1155.1523052697223,19,Monday,68
TKT-0239,2026-03-15 19:51:00,2026-03-16 12:51:00,High,Payment,Email,Team C,Closed,1,3,Customer is waiting for urgent resolution and needs clear next steps.,17.0,12,1,1515.1023052697224,19,Sunday,69
TKT-0240,2026-02-15 20:40:00,2026-02-17 14:40:00,Low,Account Access,Email,Team C,Resolved,0,5,Customer is waiting for urgent resolution and needs clear next steps.,42.0,48,0,2186.2856386030558,20,Sunday,69
TKT-0241,2026-01-10 15:14:00,2026-01-11 02:14:00,High,Account Access,Email,Specialist Team,Resolved,1,4,User cannot access account and has contacted support multiple times.,11.0,12,0,3055.7189719363887,15,Saturday,68
TKT-0242,2026-01-30 22:20:00,2026-02-02 06:20:00,Low,Policy Question,Web Form,Team C,Resolved,0,4,Customer is waiting for urgent resolution and needs clear next steps.,56.0,48,1,2568.618971936389,22,Friday,69
TKT-0243,2026-02-11 19:43:00,2026-02-13 08:43:00,Medium,Payment,Chat,Specialist Team,Resolved,0,4,User cannot access account and has contacted support multiple times.,37.0,24,1,2283.2356386030556,19,Wednesday,68
TKT-0244,2026-01-16 06:11:00,2026-01-18 14:11:00,Low,Technical Bug,Chat,Team A,Resolved,0,4,Policy related question needs accurate guidance from knowledge base.,56.0,48,1,2920.768971936389,6,Friday,68
TKT-0245,2026-03-08 03:21:00,2026-03-09 19:21:00,Medium,Billing,Email,Specialist Team,Resolved,0,4,Billing issue requires review and possible refund investigation.,40.0,24,1,1699.6023052697224,3,Sunday,64
TKT-0246,2026-03-01 02:15:00,2026-03-02 13:15:00,Medium,Ad Review,Email,Team C,Resolved,1,3,Billing issue requires review and possible refund investigation.,35.0,24,1,1868.7023052697223,2,Sunday,64
TKT-0247,2026-01-23 03:35:00,2026-01-24 20:35:00,Medium,Policy Question,Chat,Team B,Resolved,0,4,Policy related question needs accurate guidance from knowledge base.,41.0,24,1,2755.368971936389,3,Friday,68
TKT-0248,2026-02-05 20:19:00,2026-02-07 02:19:00,Critical,Account Access,Chat,Team B,Closed,0,3,Campaign delivery problem needs technical validation.,30.0,6,1,2426.635638603055,20,Thursday,53
TKT-0249,2026-03-05 03:34:00,2026-03-06 16:34:00,Low,Account Access,Chat,Team B,Closed,0,5,Policy related question needs accurate guidance from knowledge base.,37.0,48,0,1771.3856386030557,3,Thursday,68
TKT-0250,2026-02-16 11:47:00,2026-02-17 22:47:00,High,Technical Bug,Email,Team B,Resolved,0,4,Billing issue requires review and possible refund investigation.,35.0,12,1,2171.168971936389,11,Monday,64
TKT-0251,2026-02-02 11:42:00,2026-02-03 07:42:00,High,Billing,Phone,Team C,Resolved,1,3,Billing issue requires review and possible refund investigation.,20.0,12,1,2507.252305269722,11,Monday,64
TKT-0252,2026-01-22 20:52:00,2026-01-24 17:52:00,High,Ad Review,Phone,Specialist Team,Closed,0,4,Billing issue requires review and possible refund investigation.,45.0,12,1,2762.0856386030555,20,Thursday,64
TKT-0253,2026-01-31 10:01:00,2026-02-01 05:01:00,Medium,Policy Question,Phone,Specialist Team,Closed,0,4,Campaign delivery problem needs technical validation.,19.0,24,0,2556.9356386030554,10,Saturday,53
TKT-0254,2026-02-12 17:54:00,2026-02-14 05:54:00,Medium,Payment,Email,Team B,Resolved,0,3,User cannot access account and has contacted support multiple times.,36.0,24,1,2261.052305269722,17,Thursday,68
TKT-0255,2026-01-08 05:25:00,2026-01-10 06:25:00,Low,Login Issue,Web Form,Team B,Resolved,0,3,Billing issue requires review and possible refund investigation.,49.0,48,1,3113.5356386030553,5,Thursday,64
TKT-0256,2026-01-31 23:36:00,2026-02-02 10:36:00,High,Account Access,Web Form,Team C,Closed,0,4,Billing issue requires review and possible refund investigation.,35.0,12,1,2543.352305269722,23,Saturday,64
TKT-0257,2026-01-08 15:56:00,2026-01-09 06:56:00,High,Account Access,Email,Team B,Resolved,1,3,Customer is waiting for urgent resolution and needs clear next steps.,15.0,12,1,3103.018971936389,15,Thursday,69
TKT-0258,2026-03-13 12:44:00,2026-03-15 05:44:00,High,Payment,Chat,Team C,Resolved,0,4,Policy related question needs accurate guidance from knowledge base.,41.0,12,1,1570.218971936389,12,Friday,68
TKT-0259,2026-03-19 14:32:00,2026-03-22 04:32:00,Low,Payment,Chat,Specialist Team,Closed,0,4,User cannot access account and has contacted support multiple times.,62.0,48,1,1424.418971936389,14,Thursday,68
TKT-0260,2026-01-08 18:44:00,2026-01-10 12:44:00,High,Account Access,Phone,Team B,Resolved,1,3,User cannot access account and has contacted support multiple times.,42.0,12,1,3100.2189719363887,18,Thursday,68
TKT-0261,2026-01-11 11:10:00,2026-01-13 08:10:00,Medium,Technical Bug,Email,Team B,Resolved,0,4,Campaign delivery problem needs technical validation.,45.0,24,1,3035.7856386030553,11,Sunday,53
TKT-0262,2026-02-10 22:45:00,2026-02-13 02:45:00,Low,Account Access,Web Form,Team B,Closed,1,2,User cannot access account and has contacted support multiple times.,52.0,48,1,2304.2023052697223,22,Tuesday,68
TKT-0263,2026-02-11 10:21:00,2026-02-12 13:21:00,Medium,Billing,Web Form,Team B,Resolved,0,4,User cannot access account and has contacted support multiple times.,27.0,24,1,2292.6023052697224,10,Wednesday,68
TKT-0264,2026-01-20 20:44:00,2026-01-22 12:44:00,Low,Ad Review,Web Form,Team B,Resolved,0,5,Billing issue requires review and possible refund investigation.,40.0,48,0,2810.2189719363887,20,Tuesday,64
TKT-0265,2026-02-03 23:07:00,2026-02-05 11:07:00,High,Technical Bug,Email,Team B,Resolved,1,2,Customer is waiting for urgent resolution and needs clear next steps.,36.0,12,1,2471.8356386030555,23,Tuesday,69
TKT-0266,2026-01-09 02:00:00,,Medium,Policy Question,Web Form,Team A,Pending,0,4,Campaign delivery problem needs technical validation.,37.0,24,1,3092.952305269722,2,Friday,53
TKT-0267,2026-03-16 10:31:00,,Low,Account Access,Phone,Team A,Open,0,3,Policy related question needs accurate guidance from knowledge base.,37.0,48,0,1500.4356386030556,10,Monday,68
TKT-0268,2026-02-13 05:41:00,2026-02-15 12:41:00,Low,Login Issue,Email,Team A,Closed,1,3,Policy related question needs accurate guidance from knowledge base.,55.0,48,1,2249.268971936389,5,Friday,68
TKT-0269,2026-01-30 02:06:00,2026-01-31 10:06:00,High,Policy Question,Phone,Team C,Resolved,1,3,User cannot access account and has contacted support multiple times.,32.0,12,1,2588.852305269722,2,Friday,68
TKT-0270,2026-03-05 08:53:00,2026-03-05 22:53:00,High,Login Issue,Email,Team A,Resolved,0,3,Campaign delivery problem needs technical validation.,14.0,12,1,1766.0689719363888,8,Thursday,53
TKT-0271,2026-01-09 23:13:00,2026-01-11 06:13:00,Medium,Technical Bug,Chat,Team C,Resolved,1,3,Campaign delivery problem needs technical validation.,31.0,24,1,3071.735638603055,23,Friday,53
TKT-0272,2026-03-10 20:05:00,2026-03-11 10:05:00,Critical,Policy Question,Web Form,Specialist Team,Resolved,1,3,Policy related question needs accurate guidance from knowledge base.,14.0,6,1,1634.868971936389,20,Tuesday,68
TKT-0273,2026-03-29 14:27:00,2026-03-31 17:27:00,Low,Billing,Email,Specialist Team,Resolved,1,3,User cannot access account and has contacted support multiple times.,51.0,48,1,1184.5023052697222,14,Sunday,68
TKT-0274,2026-03-06 23:18:00,2026-03-09 11:18:00,Low,Policy Question,Phone,Team B,Resolved,1,3,Campaign delivery problem needs technical validation.,60.0,48,1,1727.6523052697223,23,Friday,53
TKT-0275,2026-01-27 16:25:00,2026-01-28 15:25:00,Critical,Account Access,Email,Team A,Resolved,1,2,Campaign delivery problem needs technical validation.,23.0,6,1,2646.5356386030553,16,Tuesday,53
TKT-0276,2026-03-05 05:30:00,,Medium,Login Issue,Phone,Team C,Open,1,3,User cannot access account and has contacted support multiple times.,37.0,24,1,1769.4523052697223,5,Thursday,68
TKT-0277,2026-03-18 16:44:00,2026-03-20 21:44:00,Low,Payment,Phone,Specialist Team,Resolved,0,4,Billing issue requires review and possible refund investigation.,53.0,48,1,1446.218971936389,16,Wednesday,64
TKT-0278,2026-01-20 19:14:00,2026-01-22 17:14:00,Low,Login Issue,Email,Team B,Resolved,0,5,Policy related question needs accurate guidance from knowledge base.,46.0,48,0,2811.7189719363887,19,Tuesday,68
TKT-0279,2026-02-13 06:45:00,2026-02-15 10:45:00,Medium,Account Access,Web Form,Team B,Resolved,1,2,Policy related question needs accurate guidance from knowledge base.,52.0,24,1,2248.2023052697223,6,Friday,68
TKT-0280,2026-01-15 00:54:00,2026-01-17 02:54:00,Medium,Billing,Web Form,Team B,Resolved,0,4,Policy related question needs accurate guidance from knowledge base.,50.0,24,1,2950.052305269722,0,Thursday,68
TKT-0281,2026-01-18 18:29:00,2026-01-20 22:29:00,High,Technical Bug,Chat,Team B,Resolved,1,3,Policy related question needs accurate guidance from knowledge base.,52.0,12,1,2860.4689719363887,18,Sunday,68
TKT-0282,2026-01-11 03:25:00,2026-01-13 06:25:00,Low,Ad Review,Email,Team A,Resolved,1,3,Campaign delivery problem needs technical validation.,51.0,48,1,3043.5356386030553,3,Sunday,53
TKT-0283,2026-01-16 07:39:00,2026-01-16 19:39:00,Critical,Login Issue,Email,Team C,Resolved,0,3,Customer is waiting for urgent resolution and needs clear next steps.,12.0,6,1,2919.302305269722,7,Friday,69
TKT-0284,2026-02-13 23:07:00,2026-02-15 07:07:00,Low,Account Access,Phone,Specialist Team,Closed,0,5,Customer is waiting for urgent resolution and needs clear next steps.,32.0,48,0,2231.8356386030555,23,Friday,69
TKT-0285,2026-03-03 01:35:00,2026-03-04 10:35:00,Medium,Account Access,Email,Team A,Resolved,1,3,Customer is waiting for urgent resolution and needs clear next steps.,33.0,24,1,1821.368971936389,1,Tuesday,69
TKT-0286,2026-03-17 09:07:00,2026-03-18 17:07:00,High,Technical Bug,Email,Team A,Resolved,1,2,Campaign delivery problem needs technical validation.,32.0,12,1,1477.8356386030555,9,Tuesday,53
TKT-0287,2026-01-25 22:37:00,2026-01-26 06:37:00,High,Account Access,Phone,Specialist Team,Resolved,0,5,Policy related question needs accurate guidance from knowledge base.,8.0,12,0,2688.3356386030555,22,Sunday,68
TKT-0288,2026-03-24 22:55:00,2026-03-26 15:55:00,Low,Policy Question,Email,Team A,Resolved,0,4,Policy related question needs accurate guidance from knowledge base.,41.0,48,0,1296.0356386030555,22,Tuesday,68
TKT-0289,2026-03-09 07:53:00,,Medium,Login Issue,Web Form,Specialist Team,Open,0,4,Billing issue requires review and possible refund investigation.,37.0,24,1,1671.0689719363888,7,Monday,64
TKT-0290,2026-02-26 12:33:00,2026-02-28 04:33:00,Low,Login Issue,Email,Team B,Closed,0,4,Campaign delivery problem needs technical validation.,40.0,48,0,1930.4023052697223,12,Thursday,53
TKT-0291,2026-02-26 21:36:00,2026-02-28 20:36:00,Medium,Ad Review,Phone,Team A,Resolved,1,3,User cannot access account and has contacted support multiple times.,47.0,24,1,1921.3523052697224,21,Thursday,68
TKT-0292,2026-03-20 17:56:00,2026-03-21 12:56:00,Critical,Billing,Chat,Team B,Resolved,1,3,Billing issue requires review and possible refund investigation.,19.0,6,1,1397.0189719363889,17,Friday,64
TKT-0293,2026-01-25 01:44:00,2026-01-27 10:44:00,Low,Account Access,Email,Team B,Resolved,0,4,Billing issue requires review and possible refund investigation.,57.0,48,1,2709.2189719363887,1,Sunday,64
TKT-0294,2026-02-10 23:55:00,2026-02-12 04:55:00,High,Login Issue,Email,Team C,Closed,1,2,User cannot access account and has contacted support multiple times.,29.0,12,1,2303.0356386030558,23,Tuesday,68
TKT-0295,2026-03-02 03:55:00,2026-03-04 02:55:00,Medium,Technical Bug,Phone,Team A,Closed,0,4,Policy related question needs accurate guidance from knowledge base.,47.0,24,1,1843.0356386030555,3,Monday,68
TKT-0296,2026-03-05 00:57:00,2026-03-06 14:57:00,Low,Login Issue,Phone,Team B,Resolved,0,4,Campaign delivery problem needs technical validation.,38.0,48,0,1774.0023052697222,0,Thursday,53
TKT-0297,2026-03-11 10:28:00,2026-03-12 08:28:00,Medium,Policy Question,Phone,Team B,Resolved,0,4,Billing issue requires review and possible refund investigation.,22.0,24,0,1620.4856386030556,10,Wednesday,64
TKT-0298,2026-02-13 08:46:00,2026-02-14 14:46:00,Medium,Payment,Phone,Team A,Resolved,1,3,Billing issue requires review and possible refund investigation.,30.0,24,1,2246.1856386030554,8,Friday,64
TKT-0299,2026-03-02 15:29:00,2026-03-04 16:29:00,Medium,Policy Question,Web Form,Team A,Resolved,1,3,Policy related question needs accurate guidance from knowledge base.,49.0,24,1,1831.468971936389,15,Monday,68
TKT-0300,2026-01-05 06:48:00,2026-01-07 09:48:00,Low,Ad Review,Chat,Team A,Resolved,0,3,Billing issue requires review and possible refund investigation.,51.0,48,1,3184.152305269722,6,Monday,64
TKT-0301,2026-03-27 23:41:00,2026-03-29 08:41:00,Low,Login Issue,Email,Team B,Resolved,0,4,Billing issue requires review and possible refund investigation.,33.0,48,0,1223.2689719363889,23,Friday,64
TKT-0302,2026-01-24 15:00:00,2026-01-25 22:00:00,Low,Account Access,Email,Team C,Resolved,0,5,Customer is waiting for urgent resolution and needs clear next steps.,31.0,48,0,2719.952305269722,15,Saturday,69
TKT-0303,2026-03-25 07:25:00,,Medium,Policy Question,Phone,Team B,Open,0,5,Customer is waiting for urgent resolution and needs clear next steps.,37.0,24,1,1287.5356386030555,7,Wednesday,69
TKT-0304,2026-02-27 10:49:00,,Medium,Account Access,Web Form,Team C,Open,1,3,Policy related question needs accurate guidance from knowledge base.,37.0,24,1,1908.1356386030557,10,Friday,68
TKT-0305,2026-02-23 19:03:00,2026-02-24 18:03:00,Medium,Payment,Phone,Team B,Resolved,0,5,User cannot access account and has contacted support multiple times.,23.0,24,0,1995.9023052697223,19,Monday,68
TKT-0306,2026-01-16 16:22:00,2026-01-18 20:22:00,High,Technical Bug,Phone,Team B,Resolved,1,2,Campaign delivery problem needs technical validation.,52.0,12,1,2910.5856386030555,16,Friday,53
TKT-0307,2026-01-06 17:49:00,2026-01-08 10:49:00,Medium,Payment,Web Form,Team C,Resolved,0,4,Billing issue requires review and possible refund investigation.,41.0,24,1,3149.135638603055,17,Tuesday,64
TKT-0308,2026-01-02 21:35:00,2026-01-04 05:35:00,Medium,Payment,Phone,Team B,Resolved,0,4,Policy related question needs accurate guidance from knowledge base.,32.0,24,1,3241.368971936389,21,Friday,68
TKT-0309,2026-01-24 05:07:00,,Low,Account Access,Chat,Team B,Open,0,5,User cannot access account and has contacted support multiple times.,37.0,48,0,2729.8356386030555,5,Saturday,68
TKT-0310,2026-01-31 14:55:00,2026-02-01 20:55:00,High,Policy Question,Chat,Team A,Closed,1,3,User cannot access account and has contacted support multiple times.,30.0,12,1,2552.0356386030553,14,Saturday,68
TKT-0311,2026-03-01 01:57:00,2026-03-01 18:57:00,High,Technical Bug,Chat,Team C,Resolved,1,2,Campaign delivery problem needs technical validation.,17.0,12,1,1869.0023052697222,1,Sunday,53
TKT-0312,2026-03-02 04:03:00,2026-03-04 08:03:00,Low,Technical Bug,Web Form,Specialist Team,Resolved,1,2,Campaign delivery problem needs technical validation.,52.0,48,1,1842.9023052697223,4,Monday,53
TKT-0313,2026-02-11 14:14:00,,Medium,Ad Review,Web Form,Team C,Open,0,3,User cannot access account and has contacted support multiple times.,37.0,24,1,2288.7189719363887,14,Wednesday,68
TKT-0314,2026-03-23 19:55:00,2026-03-24 16:55:00,Critical,Policy Question,Phone,Team B,Resolved,1,3,User cannot access account and has contacted support multiple times.,21.0,6,1,1323.0356386030555,19,Monday,68
TKT-0315,2026-01-28 21:20:00,,Medium,Account Access,Web Form,Team B,Open,0,5,Billing issue requires review and possible refund investigation.,37.0,24,1,2617.618971936389,21,Wednesday,64
TKT-0316,2026-01-09 05:49:00,,High,Technical Bug,Chat,Specialist Team,Pending,1,3,Customer is waiting for urgent resolution and needs clear next steps.,37.0,12,1,3089.135638603055,5,Friday,69
TKT-0317,2026-01-27 06:58:00,2026-01-29 02:58:00,Low,Ad Review,Chat,Team C,Closed,0,5,Campaign delivery problem needs technical validation.,44.0,48,0,2655.985638603055,6,Tuesday,53
TKT-0318,2026-01-16 17:26:00,2026-01-17 13:26:00,Medium,Payment,Web Form,Team C,Resolved,0,5,Customer is waiting for urgent resolution and needs clear next steps.,20.0,24,0,2909.518971936389,17,Friday,69
TKT-0319,2026-01-07 19:08:00,2026-01-08 14:08:00,Medium,Login Issue,Web Form,Team A,Resolved,0,5,Customer is waiting for urgent resolution and needs clear next steps.,19.0,24,0,3123.8189719363886,19,Wednesday,69
TKT-0320,2026-01-20 03:07:00,2026-01-20 16:07:00,Critical,Login Issue,Web Form,Team A,Resolved,1,2,Policy related question needs accurate guidance from knowledge base.,13.0,6,1,2827.8356386030555,3,Tuesday,68
TKT-0321,2026-03-27 18:07:00,,Medium,Policy Question,Web Form,Team A,Pending,0,4,Customer is waiting for urgent resolution and needs clear next steps.,37.0,24,1,1228.8356386030555,18,Friday,69
TKT-0322,2026-02-16 22:45:00,2026-02-18 14:45:00,Low,Ad Review,Phone,Team A,Resolved,0,5,Campaign delivery problem needs technical validation.,40.0,48,0,2160.2023052697223,22,Monday,53
TKT-0323,2026-03-04 05:17:00,2026-03-06 21:17:00,Low,Payment,Email,Specialist Team,Resolved,1,3,Billing issue requires review and possible refund investigation.,64.0,48,1,1793.668971936389,5,Wednesday,64
TKT-0324,2026-03-10 11:27:00,2026-03-12 13:27:00,Medium,Technical Bug,Web Form,Team B,Closed,0,4,Customer is waiting for urgent resolution and needs clear next steps.,50.0,24,1,1643.5023052697222,11,Tuesday,69
TKT-0325,2026-02-11 03:38:00,2026-02-12 17:38:00,Medium,Ad Review,Web Form,Team B,Closed,1,2,Customer is waiting for urgent resolution and needs clear next steps.,38.0,24,1,2299.318971936389,3,Wednesday,69
TKT-0326,2026-01-09 18:25:00,,Medium,Ad Review,Web Form,Team C,Pending,1,2,Campaign delivery problem needs technical validation.,37.0,24,1,3076.5356386030553,18,Friday,53
TKT-0327,2026-03-29 09:21:00,2026-03-31 09:21:00,Medium,Technical Bug,Chat,Specialist Team,Closed,0,3,Billing issue requires review and possible refund investigation.,48.0,24,1,1189.6023052697224,9,Sunday,64
TKT-0328,2026-02-25 07:04:00,,Medium,Account Access,Chat,Team C,Open,0,3,Billing issue requires review and possible refund investigation.,37.0,24,1,1959.8856386030557,7,Wednesday,64
TKT-0329,2026-03-31 10:37:00,2026-04-02 13:37:00,Medium,Login Issue,Chat,Team A,Resolved,1,3,Billing issue requires review and possible refund investigation.,51.0,24,1,1140.3356386030555,10,Tuesday,64
TKT-0330,2026-02-11 01:43:00,2026-02-12 09:43:00,Low,Policy Question,Web Form,Team B,Resolved,0,5,Campaign delivery problem needs technical validation.,32.0,48,0,2301.2356386030556,1,Wednesday,53
TKT-0331,2026-01-22 07:26:00,2026-01-24 20:26:00,Low,Ad Review,Web Form,Team A,Resolved,0,3,Billing issue requires review and possible refund investigation.,61.0,48,1,2775.518971936389,7,Thursday,64
TKT-0332,2026-03-19 14:42:00,2026-03-21 11:42:00,Low,Technical Bug,Phone,Specialist Team,Resolved,0,5,User cannot access account and has contacted support multiple times.,45.0,48,0,1424.2523052697222,14,Thursday,68
TKT-0333,2026-03-30 15:09:00,2026-04-02 06:09:00,Low,Login Issue,Phone,Specialist Team,Closed,0,3,Billing issue requires review and possible refund investigation.,63.0,48,1,1159.8023052697222,15,Monday,64
TKT-0334,2026-03-07 09:16:00,2026-03-08 18:16:00,Low,Login Issue,Email,Team C,Resolved,0,5,Policy related question needs accurate guidance from knowledge base.,33.0,48,0,1717.6856386030556,9,Saturday,68
TKT-0335,2026-02-17 04:58:00,2026-02-18 03:58:00,Medium,Login Issue,Phone,Specialist Team,Resolved,0,5,Customer is waiting for urgent resolution and needs clear next steps.,23.0,24,0,2153.9856386030556,4,Tuesday,69
TKT-0336,2026-02-04 18:08:00,2026-02-05 14:08:00,Medium,Policy Question,Phone,Team C,Closed,0,5,Billing issue requires review and possible refund investigation.,20.0,24,0,2452.8189719363886,18,Wednesday,64
TKT-0337,2026-01-08 11:45:00,2026-01-10 01:45:00,High,Technical Bug,Web Form,Team C,Resolved,1,2,User cannot access account and has contacted support multiple times.,38.0,12,1,3107.202305269722,11,Thursday,68
TKT-0338,2026-03-05 21:04:00,2026-03-08 03:04:00,Medium,Ad Review,Email,Team A,Resolved,0,4,Customer is waiting for urgent resolution and needs clear next steps.,54.0,24,1,1753.8856386030557,21,Thursday,69
TKT-0339,2026-01-19 17:37:00,2026-01-22 01:37:00,Medium,Technical Bug,Web Form,Specialist Team,Resolved,1,3,Campaign delivery problem needs technical validation.,56.0,24,1,2837.3356386030555,17,Monday,53
TKT-0340,2026-01-24 10:32:00,2026-01-25 19:32:00,High,Billing,Chat,Team B,Resolved,1,3,Campaign delivery problem needs technical validation.,33.0,12,1,2724.4189719363885,10,Saturday,53
TKT-0341,2026-03-20 19:07:00,2026-03-22 07:07:00,Low,Policy Question,Email,Team A,Resolved,0,5,Policy related question needs accurate guidance from knowledge base.,36.0,48,0,1395.8356386030555,19,Friday,68
TKT-0342,2026-03-19 20:03:00,2026-03-20 07:03:00,High,Login Issue,Phone,Specialist Team,Resolved,0,4,User cannot access account and has contacted support multiple times.,11.0,12,0,1418.9023052697223,20,Thursday,68
TKT-0343,2026-03-11 18:52:00,2026-03-13 21:52:00,Low,Payment,Chat,Team C,Resolved,0,4,Policy related question needs accurate guidance from knowledge base.,51.0,48,1,1612.0856386030555,18,Wednesday,68
TKT-0344,2026-02-17 05:33:00,2026-02-19 14:33:00,Low,Ad Review,Web Form,Team C,Resolved,0,4,Customer is waiting for urgent resolution and needs clear next steps.,57.0,48,1,2153.402305269722,5,Tuesday,69
TKT-0345,2026-02-22 16:19:00,2026-02-25 01:19:00,Low,Technical Bug,Web Form,Team C,Resolved,1,2,Billing issue requires review and possible refund investigation.,57.0,48,1,2022.6356386030557,16,Sunday,64
TKT-0346,2026-03-21 13:42:00,2026-03-23 04:42:00,Medium,Account Access,Chat,Team C,Resolved,0,3,Customer is waiting for urgent resolution and needs clear next steps.,39.0,24,1,1377.2523052697222,13,Saturday,69
TKT-0347,2026-02-23 23:00:00,2026-02-25 18:00:00,Medium,Technical Bug,Phone,Team A,Resolved,0,4,User cannot access account and has contacted support multiple times.,43.0,24,1,1991.9523052697223,23,Monday,68
TKT-0348,2026-03-19 22:25:00,2026-03-20 11:25:00,Critical,Technical Bug,Chat,Team B,Resolved,1,3,Customer is waiting for urgent resolution and needs clear next steps.,13.0,6,1,1416.5356386030555,22,Thursday,69
TKT-0349,2026-03-27 04:11:00,2026-03-29 00:11:00,Low,Payment,Chat,Specialist Team,Closed,0,4,Billing issue requires review and possible refund investigation.,44.0,48,0,1242.7689719363889,4,Friday,64
TKT-0350,2026-02-06 08:34:00,2026-02-07 21:34:00,High,Login Issue,Chat,Team A,Resolved,0,4,User cannot access account and has contacted support multiple times.,37.0,12,1,2414.385638603055,8,Friday,68
TKT-0351,2026-02-14 07:45:00,,High,Payment,Web Form,Team B,Open,1,4,Campaign delivery problem needs technical validation.,37.0,12,1,2223.2023052697223,7,Saturday,53
TKT-0352,2026-02-20 10:48:00,,Low,Account Access,Phone,Team B,Open,1,3,User cannot access account and has contacted support multiple times.,37.0,48,0,2076.152305269722,10,Friday,68
TKT-0353,2026-02-09 17:25:00,2026-02-10 21:25:00,Critical,Ad Review,Web Form,Team B,Resolved,1,3,User cannot access account and has contacted support multiple times.,28.0,6,1,2333.5356386030553,17,Monday,68
TKT-0354,2026-03-21 14:09:00,2026-03-22 13:09:00,High,Technical Bug,Phone,Specialist Team,Resolved,1,2,User cannot access account and has contacted support multiple times.,23.0,12,1,1376.8023052697222,14,Saturday,68
TKT-0355,2026-03-31 19:33:00,,Low,Technical Bug,Phone,Team A,Open,0,4,Campaign delivery problem needs technical validation.,37.0,48,0,1131.4023052697223,19,Tuesday,53
TKT-0356,2026-02-18 02:55:00,2026-02-19 04:55:00,Medium,Account Access,Email,Team B,Resolved,0,4,Policy related question needs accurate guidance from knowledge base.,26.0,24,1,2132.0356386030558,2,Wednesday,68
TKT-0357,2026-02-21 12:02:00,,Medium,Billing,Email,Team C,Open,0,4,User cannot access account and has contacted support multiple times.,37.0,24,1,2050.918971936389,12,Saturday,68
TKT-0358,2026-02-27 04:22:00,2026-02-28 09:22:00,Medium,Login Issue,Phone,Team C,Resolved,0,4,Policy related question needs accurate guidance from knowledge base.,29.0,24,1,1914.5856386030555,4,Friday,68
TKT-0359,2026-03-19 23:06:00,2026-03-21 12:06:00,High,Billing,Chat,Specialist Team,Resolved,1,2,Customer is waiting for urgent resolution and needs clear next steps.,37.0,12,1,1415.8523052697224,23,Thursday,69
TKT-0360,2026-03-12 19:41:00,2026-03-14 20:41:00,Medium,Technical Bug,Phone,Team A,Closed,0,4,User cannot access account and has contacted support multiple times.,49.0,24,1,1587.2689719363889,19,Thursday,68
TKT-0361,2026-01-16 16:21:00,2026-01-18 07:21:00,Low,Payment,Web Form,Team C,Resolved,0,5,User cannot access account and has contacted support multiple times.,39.0,48,0,2910.602305269722,16,Friday,68
TKT-0362,2026-01-21 07:09:00,2026-01-23 06:09:00,Medium,Account Access,Email,Team C,Resolved,0,4,Policy related question needs accurate guidance from knowledge base.,47.0,24,1,2799.802305269722,7,Wednesday,68
TKT-0363,2026-02-14 01:23:00,,Critical,Ad Review,Web Form,Team B,Open,0,4,Customer is waiting for urgent resolution and needs clear next steps.,37.0,6,1,2229.568971936389,1,Saturday,69
TKT-0364,2026-01-03 21:06:00,2026-01-04 12:06:00,Critical,Technical Bug,Chat,Team B,Closed,1,3,Customer is waiting for urgent resolution and needs clear next steps.,15.0,6,1,3217.852305269722,21,Saturday,69
TKT-0365,2026-03-14 16:25:00,2026-03-15 15:25:00,Medium,Billing,Phone,Team A,Closed,0,5,User cannot access account and has contacted support multiple times.,23.0,24,0,1542.5356386030555,16,Saturday,68
TKT-0366,2026-02-11 21:38:00,2026-02-12 09:38:00,High,Account Access,Email,Team B,Resolved,0,5,User cannot access account and has contacted support multiple times.,12.0,12,0,2281.318971936389,21,Wednesday,68
TKT-0367,2026-01-31 03:52:00,2026-01-31 21:52:00,Medium,Billing,Web Form,Team B,Resolved,0,5,Campaign delivery problem needs technical validation.,18.0,24,0,2563.0856386030555,3,Saturday,53
TKT-0368,2026-01-06 20:05:00,2026-01-08 02:05:00,High,Login Issue,Chat,Team B,Closed,1,3,Billing issue requires review and possible refund investigation.,30.0,12,1,3146.868971936389,20,Tuesday,64
TKT-0369,2026-01-12 17:00:00,2026-01-14 18:00:00,High,Technical Bug,Email,Specialist Team,Closed,0,3,Customer is waiting for urgent resolution and needs clear next steps.,49.0,12,1,3005.952305269722,17,Monday,69
TKT-0370,2026-02-04 07:55:00,2026-02-05 06:55:00,Medium,Policy Question,Phone,Specialist Team,Closed,0,5,Policy related question needs accurate guidance from knowledge base.,23.0,24,0,2463.0356386030553,7,Wednesday,68
TKT-0371,2026-01-29 00:51:00,2026-01-29 18:51:00,Critical,Payment,Web Form,Team B,Closed,0,3,Campaign delivery problem needs technical validation.,18.0,6,1,2614.102305269722,0,Thursday,53
TKT-0372,2026-01-29 10:27:00,,Medium,Payment,Phone,Team A,Pending,0,5,User cannot access account and has contacted support multiple times.,37.0,24,1,2604.502305269722,10,Thursday,68
TKT-0373,2026-02-11 07:12:00,,Medium,Account Access,Chat,Specialist Team,Open,0,3,Customer is waiting for urgent resolution and needs clear next steps.,37.0,24,1,2295.7523052697225,7,Wednesday,69
TKT-0374,2026-03-09 05:42:00,,High,Policy Question,Phone,Specialist Team,Open,1,2,Billing issue requires review and possible refund investigation.,37.0,12,1,1673.2523052697222,5,Monday,64
TKT-0375,2026-03-15 03:50:00,,Medium,Ad Review,Web Form,Team A,Open,0,4,Policy related question needs accurate guidance from knowledge base.,37.0,24,1,1531.118971936389,3,Sunday,68
TKT-0376,2026-02-21 10:29:00,2026-02-23 14:29:00,Low,Account Access,Chat,Team A,Resolved,0,4,Billing issue requires review and possible refund investigation.,52.0,48,1,2052.4689719363887,10,Saturday,64
TKT-0377,2026-02-27 15:05:00,2026-03-01 03:05:00,Critical,Login Issue,Web Form,Specialist Team,Closed,1,2,Customer is waiting for urgent resolution and needs clear next steps.,36.0,6,1,1903.868971936389,15,Friday,69
TKT-0378,2026-03-06 10:52:00,2026-03-07 11:52:00,High,Technical Bug,Phone,Team C,Resolved,1,2,Campaign delivery problem needs technical validation.,25.0,12,1,1740.0856386030555,10,Friday,53
TKT-0379,2026-02-22 23:31:00,2026-02-24 18:31:00,Medium,Account Access,Chat,Team B,Resolved,1,3,Customer is waiting for urgent resolution and needs clear next steps.,43.0,24,1,2015.4356386030556,23,Sunday,69
TKT-0380,2026-02-12 07:29:00,,Medium,Payment,Phone,Team C,Pending,0,4,Policy related question needs accurate guidance from knowledge base.,37.0,24,1,2271.4689719363887,7,Thursday,68
TKT-0381,2026-03-06 14:08:00,2026-03-08 08:08:00,Critical,Ad Review,Web Form,Team A,Resolved,1,3,Billing issue requires review and possible refund investigation.,42.0,6,1,1736.8189719363888,14,Friday,64
TKT-0382,2026-02-22 10:42:00,2026-02-24 01:42:00,High,Payment,Web Form,Team A,Resolved,1,2,Customer is waiting for urgent resolution and needs clear next steps.,39.0,12,1,2028.2523052697222,10,Sunday,69
TKT-0383,2026-03-06 16:28:00,,Medium,Account Access,Chat,Specialist Team,Open,0,5,User cannot access account and has contacted support multiple times.,37.0,24,1,1734.4856386030556,16,Friday,68
TKT-0384,2026-01-02 12:59:00,2026-01-03 21:59:00,High,Login Issue,Chat,Team A,Resolved,0,3,User cannot access account and has contacted support multiple times.,33.0,12,1,3249.9689719363887,12,Friday,68
TKT-0385,2026-02-20 00:49:00,2026-02-22 02:49:00,Medium,Technical Bug,Web Form,Team A,Resolved,0,4,Billing issue requires review and possible refund investigation.,50.0,24,1,2086.1356386030557,0,Friday,64
TKT-0386,2026-02-25 15:10:00,2026-02-26 15:10:00,High,Technical Bug,Email,Team C,Resolved,1,3,Policy related question needs accurate guidance from knowledge base.,24.0,12,1,1951.7856386030555,15,Wednesday,68
TKT-0387,2026-01-30 11:43:00,,Medium,Billing,Phone,Specialist Team,Pending,1,3,Campaign delivery problem needs technical validation.,37.0,24,1,2579.235638603055,11,Friday,53
TKT-0388,2026-02-04 00:39:00,2026-02-05 18:39:00,Medium,Technical Bug,Web Form,Team A,Resolved,1,3,Billing issue requires review and possible refund investigation.,42.0,24,1,2470.302305269722,0,Wednesday,64
TKT-0389,2026-01-20 12:13:00,2026-01-21 00:13:00,Critical,Account Access,Web Form,Specialist Team,Closed,1,3,Billing issue requires review and possible refund investigation.,12.0,6,1,2818.735638603055,12,Tuesday,64
TKT-0390,2026-03-22 14:42:00,2026-03-24 01:42:00,Medium,Payment,Web Form,Team A,Resolved,0,4,Policy related question needs accurate guidance from knowledge base.,35.0,24,1,1352.2523052697222,14,Sunday,68
TKT-0391,2026-02-19 13:54:00,2026-02-20 17:54:00,Medium,Ad Review,Web Form,Team A,Resolved,0,4,Billing issue requires review and possible refund investigation.,28.0,24,1,2097.052305269722,13,Thursday,64
TKT-0392,2026-03-03 17:16:00,,Critical,Billing,Email,Specialist Team,Open,1,3,Customer is waiting for urgent resolution and needs clear next steps.,37.0,6,1,1805.6856386030556,17,Tuesday,69
TKT-0393,2026-03-11 06:25:00,2026-03-12 15:25:00,High,Policy Question,Phone,Specialist Team,Resolved,1,3,User cannot access account and has contacted support multiple times.,33.0,12,1,1624.5356386030555,6,Wednesday,68
TKT-0394,2026-03-31 06:26:00,2026-04-02 05:26:00,Medium,Ad Review,Chat,Team B,Closed,0,4,Policy related question needs accurate guidance from knowledge base.,47.0,24,1,1144.5189719363889,6,Tuesday,68
TKT-0395,2026-01-01 20:54:00,2026-01-03 03:54:00,Medium,Login Issue,Web Form,Specialist Team,Resolved,1,2,User cannot access account and has contacted support multiple times.,31.0,24,1,3266.052305269722,20,Thursday,68
TKT-0396,2026-01-27 03:14:00,,Medium,Policy Question,Chat,Team A,Open,0,3,Campaign delivery problem needs technical validation.,37.0,24,1,2659.7189719363887,3,Tuesday,53
TKT-0397,2026-02-19 09:08:00,2026-02-20 07:08:00,Medium,Payment,Web Form,Team C,Closed,0,4,Policy related question needs accurate guidance from knowledge base.,22.0,24,0,2101.818971936389,9,Thursday,68
TKT-0398,2026-02-16 22:38:00,2026-02-19 03:38:00,Low,Login Issue,Phone,Team A,Closed,0,4,Billing issue requires review and possible refund investigation.,53.0,48,1,2160.318971936389,22,Monday,64
TKT-0399,2026-01-05 07:44:00,2026-01-06 01:44:00,Medium,Billing,Phone,Team B,Resolved,0,5,Campaign delivery problem needs technical validation.,18.0,24,0,3183.2189719363887,7,Monday,53
TKT-0400,2026-02-17 06:32:00,2026-02-20 06:32:00,Low,Technical Bug,Email,Team A,Closed,1,3,Billing issue requires review and possible refund investigation.,72.0,48,1,2152.418971936389,6,Tuesday,64
TKT-0401,2026-02-28 09:21:00,2026-03-01 21:21:00,Medium,Login Issue,Chat,Team B,Closed,0,3,Customer is waiting for urgent resolution and needs clear next steps.,36.0,24,1,1885.6023052697224,9,Saturday,69
TKT-0402,2026-02-08 09:49:00,2026-02-10 14:49:00,Low,Policy Question,Phone,Specialist Team,Resolved,0,3,Customer is waiting for urgent resolution and needs clear next steps.,53.0,48,1,2365.135638603055,9,Sunday,69
TKT-0403,2026-01-20 12:25:00,2026-01-21 09:25:00,Medium,Account Access,Web Form,Team B,Closed,0,4,Billing issue requires review and possible refund investigation.,21.0,24,0,2818.5356386030553,12,Tuesday,64
TKT-0404,2026-02-13 07:04:00,,Medium,Account Access,Chat,Specialist Team,Pending,0,3,Campaign delivery problem needs technical validation.,37.0,24,1,2247.8856386030557,7,Friday,53
TKT-0405,2026-02-02 21:21:00,2026-02-04 09:21:00,Medium,Billing,Web Form,Team B,Closed,1,2,Customer is waiting for urgent resolution and needs clear next steps.,36.0,24,1,2497.602305269722,21,Monday,69
TKT-0406,2026-03-17 04:49:00,2026-03-18 22:49:00,Low,Payment,Chat,Team C,Resolved,0,4,Billing issue requires review and possible refund investigation.,42.0,48,0,1482.1356386030557,4,Tuesday,64
TKT-0407,2026-01-05 05:58:00,2026-01-06 11:58:00,High,Account Access,Email,Team A,Resolved,1,2,Policy related question needs accurate guidance from knowledge base.,30.0,12,1,3184.985638603055,5,Monday,68
TKT-0408,2026-02-15 08:35:00,2026-02-16 21:35:00,Medium,Login Issue,Phone,Team C,Resolved,0,3,Billing issue requires review and possible refund investigation.,37.0,24,1,2198.368971936389,8,Sunday,64
TKT-0409,2026-03-14 04:57:00,2026-03-16 07:57:00,Low,Payment,Web Form,Team A,Resolved,1,3,Campaign delivery problem needs technical validation.,51.0,48,1,1554.0023052697222,4,Saturday,53
TKT-0410,2026-01-15 10:58:00,2026-01-16 18:58:00,Medium,Ad Review,Web Form,Team B,Resolved,1,3,User cannot access account and has contacted support multiple times.,32.0,24,1,2939.985638603055,10,Thursday,68
TKT-0411,2026-03-02 17:16:00,2026-03-04 11:16:00,Medium,Login Issue,Phone,Specialist Team,Resolved,0,4,User cannot access account and has contacted support multiple times.,42.0,24,1,1829.6856386030556,17,Monday,68
TKT-0412,2026-01-24 22:00:00,2026-01-26 04:00:00,Low,Payment,Web Form,Team A,Closed,0,5,Campaign delivery problem needs technical validation.,30.0,48,0,2712.952305269722,22,Saturday,53
TKT-0413,2026-01-08 17:13:00,2026-01-09 22:13:00,High,Account Access,Email,Team C,Resolved,0,3,User cannot access account and has contacted support multiple times.,29.0,12,1,3101.735638603055,17,Thursday,68
TKT-0414,2026-01-02 14:15:00,2026-01-04 10:15:00,Low,Ad Review,Web Form,Team A,Resolved,0,5,User cannot access account and has contacted support multiple times.,44.0,48,0,3248.702305269722,14,Friday,68
TKT-0415,2026-03-17 10:29:00,2026-03-19 16:29:00,Medium,Payment,Web Form,Team A,Closed,1,3,User cannot access account and has contacted support multiple times.,54.0,24,1,1476.468971936389,10,Tuesday,68
TKT-0416,2026-03-10 15:41:00,2026-03-12 15:41:00,Medium,Payment,Chat,Specialist Team,Resolved,1,3,Policy related question needs accurate guidance from knowledge base.,48.0,24,1,1639.2689719363889,15,Tuesday,68
TKT-0417,2026-03-07 11:04:00,2026-03-09 06:04:00,Medium,Policy Question,Chat,Team A,Resolved,0,4,Customer is waiting for urgent resolution and needs clear next steps.,43.0,24,1,1715.8856386030557,11,Saturday,69
TKT-0418,2026-02-11 17:06:00,2026-02-13 06:06:00,High,Login Issue,Email,Team A,Resolved,1,3,Customer is waiting for urgent resolution and needs clear next steps.,37.0,12,1,2285.8523052697224,17,Wednesday,69
TKT-0419,2026-03-12 22:16:00,2026-03-14 18:16:00,Low,Technical Bug,Email,Specialist Team,Closed,0,4,Customer is waiting for urgent resolution and needs clear next steps.,44.0,48,0,1584.6856386030556,22,Thursday,69
TKT-0420,2026-02-02 05:09:00,2026-02-03 21:09:00,High,Login Issue,Phone,Team A,Closed,0,4,Customer is waiting for urgent resolution and needs clear next steps.,40.0,12,1,2513.802305269722,5,Monday,69
TKT-0421,2026-01-06 09:35:00,2026-01-08 13:35:00,Medium,Billing,Email,Team A,Resolved,0,3,Customer is waiting for urgent resolution and needs clear next steps.,52.0,24,1,3157.368971936389,9,Tuesday,69
TKT-0422,2026-02-05 22:01:00,2026-02-07 11:01:00,Low,Account Access,Web Form,Team B,Closed,0,4,User cannot access account and has contacted support multiple times.,37.0,48,0,2424.9356386030554,22,Thursday,68
TKT-0423,2026-03-15 13:07:00,2026-03-16 12:07:00,Medium,Billing,Phone,Team A,Closed,0,5,Customer is waiting for urgent resolution and needs clear next steps.,23.0,24,0,1521.8356386030555,13,Sunday,69
TKT-0424,2026-03-05 01:17:00,2026-03-07 02:17:00,Medium,Policy Question,Phone,Team B,Resolved,0,4,Customer is waiting for urgent resolution and needs clear next steps.,49.0,24,1,1773.668971936389,1,Thursday,69
TKT-0425,2026-01-14 18:04:00,,Low,Payment,Chat,Specialist Team,Pending,0,3,User cannot access account and has contacted support multiple times.,37.0,48,0,2956.885638603055,18,Wednesday,68
TKT-0426,2026-01-14 22:58:00,2026-01-17 07:58:00,Low,Billing,Email,Team B,Closed,1,2,Billing issue requires review and possible refund investigation.,57.0,48,1,2951.985638603055,22,Wednesday,64
TKT-0427,2026-03-17 17:16:00,2026-03-18 10:16:00,High,Ad Review,Phone,Team C,Resolved,1,3,User cannot access account and has contacted support multiple times.,17.0,12,1,1469.6856386030556,17,Tuesday,68
TKT-0428,2026-03-23 02:48:00,2026-03-24 11:48:00,Medium,Policy Question,Phone,Team C,Resolved,0,4,User cannot access account and has contacted support multiple times.,33.0,24,1,1340.1523052697223,2,Monday,68
TKT-0429,2026-03-03 05:58:00,2026-03-03 18:58:00,High,Billing,Chat,Team C,Resolved,1,3,Campaign delivery problem needs technical validation.,13.0,12,1,1816.9856386030556,5,Tuesday,53
TKT-0430,2026-02-27 20:23:00,2026-03-01 15:23:00,Low,Billing,Web Form,Team B,Resolved,0,4,Policy related question needs accurate guidance from knowledge base.,43.0,48,0,1898.5689719363888,20,Friday,68
TKT-0431,2026-02-12 03:58:00,2026-02-13 10:58:00,Medium,Account Access,Email,Team B,Resolved,0,4,Billing issue requires review and possible refund investigation.,31.0,24,1,2274.9856386030556,3,Thursday,64
TKT-0432,2026-03-15 22:45:00,2026-03-17 22:45:00,Low,Login Issue,Web Form,Team B,Closed,0,5,Billing issue requires review and possible refund investigation.,48.0,48,0,1512.2023052697223,22,Sunday,64
TKT-0433,2026-02-14 05:01:00,2026-02-15 20:01:00,Low,Policy Question,Chat,Team C,Closed,0,4,Customer is waiting for urgent resolution and needs clear next steps.,39.0,48,0,2225.9356386030554,5,Saturday,69
TKT-0434,2026-03-09 02:19:00,2026-03-10 12:19:00,Low,Payment,Email,Team A,Resolved,0,5,Policy related question needs accurate guidance from knowledge base.,34.0,48,0,1676.6356386030557,2,Monday,68
TKT-0435,2026-01-20 14:46:00,,Medium,Account Access,Phone,Specialist Team,Open,1,3,Campaign delivery problem needs technical validation.,37.0,24,1,2816.1856386030554,14,Tuesday,53
TKT-0436,2026-01-30 21:28:00,2026-01-31 19:28:00,Critical,Billing,Web Form,Team C,Closed,1,3,Customer is waiting for urgent resolution and needs clear next steps.,22.0,6,1,2569.485638603055,21,Friday,69
TKT-0437,2026-02-05 23:51:00,2026-02-07 13:51:00,Medium,Ad Review,Phone,Team A,Resolved,1,2,Policy related question needs accurate guidance from knowledge base.,38.0,24,1,2423.102305269722,23,Thursday,68
TKT-0438,2026-02-23 13:42:00,2026-02-25 01:42:00,Low,Billing,Chat,Specialist Team,Closed,0,5,Campaign delivery problem needs technical validation.,36.0,48,0,2001.2523052697222,13,Monday,53
TKT-0439,2026-02-13 16:41:00,2026-02-15 02:41:00,Low,Account Access,Chat,Team A,Resolved,0,5,User cannot access account and has contacted support multiple times.,34.0,48,0,2238.268971936389,16,Friday,68
TKT-0440,2026-03-02 23:23:00,2026-03-04 09:23:00,Medium,Login Issue,Chat,Team C,Resolved,1,2,Customer is waiting for urgent resolution and needs clear next steps.,34.0,24,1,1823.5689719363888,23,Monday,69
TKT-0441,2026-02-12 17:58:00,2026-02-13 23:58:00,High,Ad Review,Web Form,Team A,Resolved,0,4,User cannot access account and has contacted support multiple times.,30.0,12,1,2260.9856386030556,17,Thursday,68
TKT-0442,2026-03-22 20:16:00,2026-03-24 03:16:00,High,Billing,Email,Specialist Team,Resolved,1,3,Campaign delivery problem needs technical validation.,31.0,12,1,1346.6856386030556,20,Sunday,53
TKT-0443,2026-01-21 02:07:00,2026-01-22 21:07:00,Medium,Payment,Web Form,Team A,Resolved,0,4,User cannot access account and has contacted support multiple times.,43.0,24,1,2804.8356386030555,2,Wednesday,68
TKT-0444,2026-03-15 00:28:00,2026-03-17 05:28:00,Low,Login Issue,Email,Team C,Resolved,1,3,Policy related question needs accurate guidance from knowledge base.,53.0,48,1,1534.4856386030556,0,Sunday,68
TKT-0445,2026-01-11 02:04:00,2026-01-12 11:04:00,Medium,Technical Bug,Chat,Specialist Team,Resolved,0,4,User cannot access account and has contacted support multiple times.,33.0,24,1,3044.885638603055,2,Sunday,68
TKT-0446,2026-03-31 08:10:00,2026-04-01 15:10:00,Medium,Ad Review,Chat,Team A,Resolved,0,4,User cannot access account and has contacted support multiple times.,31.0,24,1,1142.7856386030555,8,Tuesday,68
TKT-0447,2026-01-14 00:51:00,2026-01-15 19:51:00,Medium,Ad Review,Email,Team B,Closed,0,4,Campaign delivery problem needs technical validation.,43.0,24,1,2974.102305269722,0,Wednesday,53
TKT-0448,2026-03-24 12:16:00,2026-03-25 20:16:00,Low,Billing,Email,Specialist Team,Resolved,0,5,Campaign delivery problem needs technical validation.,32.0,48,0,1306.6856386030556,12,Tuesday,53
TKT-0449,2026-01-25 02:41:00,2026-01-27 03:41:00,Medium,Technical Bug,Phone,Team A,Closed,0,3,User cannot access account and has contacted support multiple times.,49.0,24,1,2708.268971936389,2,Sunday,68
TKT-0450,2026-01-04 00:38:00,,Medium,Payment,Email,Specialist Team,Open,1,3,User cannot access account and has contacted support multiple times.,37.0,24,1,3214.3189719363886,0,Sunday,68
TKT-0451,2026-02-22 07:47:00,2026-02-23 02:47:00,Medium,Login Issue,Email,Specialist Team,Closed,0,5,Billing issue requires review and possible refund investigation.,19.0,24,0,2031.168971936389,7,Sunday,64
TKT-0452,2026-03-24 23:14:00,2026-03-27 02:14:00,Low,Ad Review,Web Form,Team B,Resolved,0,4,Campaign delivery problem needs technical validation.,51.0,48,1,1295.718971936389,23,Tuesday,53
TKT-0453,2026-02-16 13:14:00,2026-02-17 17:14:00,Critical,Policy Question,Phone,Team A,Resolved,1,2,Customer is waiting for urgent resolution and needs clear next steps.,28.0,6,1,2169.7189719363887,13,Monday,69
TKT-0454,2026-03-06 03:49:00,2026-03-08 01:49:00,Low,Policy Question,Email,Team B,Resolved,0,5,Policy related question needs accurate guidance from knowledge base.,46.0,48,0,1747.1356386030557,3,Friday,68
TKT-0455,2026-03-08 07:08:00,2026-03-10 15:08:00,Low,Account Access,Email,Team C,Resolved,1,2,User cannot access account and has contacted support multiple times.,56.0,48,1,1695.8189719363888,7,Sunday,68
TKT-0456,2026-02-25 03:56:00,2026-02-25 21:56:00,High,Login Issue,Chat,Specialist Team,Resolved,0,4,Policy related question needs accurate guidance from knowledge base.,18.0,12,1,1963.0189719363889,3,Wednesday,68
TKT-0457,2026-02-08 09:55:00,2026-02-09 21:55:00,Low,Payment,Phone,Specialist Team,Resolved,0,5,Customer is waiting for urgent resolution and needs clear next steps.,36.0,48,0,2365.0356386030553,9,Sunday,69
TKT-0458,2026-02-19 18:04:00,2026-02-21 04:04:00,Low,Login Issue,Chat,Specialist Team,Resolved,0,5,Policy related question needs accurate guidance from knowledge base.,34.0,48,0,2092.8856386030557,18,Thursday,68
TKT-0459,2026-01-21 05:28:00,2026-01-23 14:28:00,Low,Payment,Phone,Team B,Resolved,0,3,Campaign delivery problem needs technical validation.,57.0,48,1,2801.485638603055,5,Wednesday,53
TKT-0460,2026-02-01 07:55:00,,Medium,Ad Review,Chat,Specialist Team,Pending,1,3,Customer is waiting for urgent resolution and needs clear next steps.,37.0,24,1,2535.0356386030553,7,Sunday,69
TKT-0461,2026-03-22 20:13:00,2026-03-24 20:13:00,Medium,Policy Question,Email,Specialist Team,Resolved,0,3,User cannot access account and has contacted support multiple times.,48.0,24,1,1346.7356386030556,20,Sunday,68
TKT-0462,2026-03-21 18:20:00,2026-03-22 15:20:00,High,Login Issue,Web Form,Team A,Resolved,1,3,User cannot access account and has contacted support multiple times.,21.0,12,1,1372.618971936389,18,Saturday,68
TKT-0463,2026-03-05 14:47:00,,High,Technical Bug,Web Form,Team C,Pending,0,4,Customer is waiting for urgent resolution and needs clear next steps.,37.0,12,1,1760.168971936389,14,Thursday,69
TKT-0464,2026-03-29 08:08:00,2026-03-30 22:08:00,High,Account Access,Web Form,Team A,Resolved,0,4,Billing issue requires review and possible refund investigation.,38.0,12,1,1190.8189719363888,8,Sunday,64
TKT-0465,2026-03-16 22:20:00,2026-03-19 13:20:00,Low,Technical Bug,Email,Team B,Resolved,0,4,Policy related question needs accurate guidance from knowledge base.,63.0,48,1,1488.618971936389,22,Monday,68
TKT-0466,2026-02-05 03:40:00,2026-02-07 04:40:00,Low,Account Access,Chat,Team C,Resolved,1,3,Policy related question needs accurate guidance from knowledge base.,49.0,48,1,2443.2856386030553,3,Thursday,68
TKT-0467,2026-03-19 23:54:00,2026-03-20 17:54:00,Medium,Policy Question,Email,Team B,Resolved,0,5,Policy related question needs accurate guidance from knowledge base.,18.0,24,0,1415.0523052697222,23,Thursday,68
TKT-0468,2026-02-16 19:01:00,2026-02-18 16:01:00,Low,Billing,Chat,Team A,Resolved,0,5,User cannot access account and has contacted support multiple times.,45.0,48,0,2163.9356386030554,19,Monday,68
TKT-0469,2026-02-15 13:57:00,2026-02-16 04:57:00,High,Login Issue,Email,Team A,Resolved,1,3,User cannot access account and has contacted support multiple times.,15.0,12,1,2193.0023052697225,13,Sunday,68
TKT-0470,2026-03-22 12:21:00,2026-03-25 04:21:00,Low,Ad Review,Phone,Team C,Closed,0,4,Customer is waiting for urgent resolution and needs clear next steps.,64.0,48,1,1354.6023052697224,12,Sunday,69
TKT-0471,2026-01-15 15:16:00,2026-01-17 13:16:00,Low,Billing,Email,Team A,Resolved,0,4,Billing issue requires review and possible refund investigation.,46.0,48,0,2935.6856386030554,15,Thursday,64
TKT-0472,2026-02-28 15:32:00,2026-03-02 12:32:00,Medium,Login Issue,Email,Team B,Resolved,0,4,Billing issue requires review and possible refund investigation.,45.0,24,1,1879.418971936389,15,Saturday,64
TKT-0473,2026-01-13 15:51:00,2026-01-15 13:51:00,Medium,Billing,Chat,Team B,Closed,0,4,Policy related question needs accurate guidance from knowledge base.,46.0,24,1,2983.102305269722,15,Tuesday,68
TKT-0474,2026-01-17 06:52:00,2026-01-18 00:52:00,Medium,Account Access,Web Form,Team B,Resolved,0,4,User cannot access account and has contacted support multiple times.,18.0,24,0,2896.0856386030555,6,Saturday,68
TKT-0475,2026-01-19 17:53:00,2026-01-21 20:53:00,Medium,Login Issue,Phone,Specialist Team,Resolved,0,4,User cannot access account and has contacted support multiple times.,51.0,24,1,2837.0689719363886,17,Monday,68
TKT-0476,2026-01-05 08:14:00,2026-01-06 13:14:00,Medium,Login Issue,Web Form,Team B,Resolved,1,2,Billing issue requires review and possible refund investigation.,29.0,24,1,3182.7189719363887,8,Monday,64
TKT-0477,2026-01-23 17:10:00,2026-01-26 08:10:00,Low,Technical Bug,Phone,Team C,Resolved,0,4,Policy related question needs accurate guidance from knowledge base.,63.0,48,1,2741.7856386030553,17,Friday,68
TKT-0478,2026-02-24 04:05:00,,Low,Ad Review,Chat,Team B,Open,0,4,Customer is waiting for urgent resolution and needs clear next steps.,37.0,48,0,1986.868971936389,4,Tuesday,69
TKT-0479,2026-02-04 01:20:00,2026-02-06 16:20:00,Low,Account Access,Phone,Specialist Team,Resolved,1,2,Customer is waiting for urgent resolution and needs clear next steps.,63.0,48,1,2469.618971936389,1,Wednesday,69
TKT-0480,2026-03-08 09:27:00,,Medium,Ad Review,Chat,Specialist Team,Open,0,4,Billing issue requires review and possible refund investigation.,37.0,24,1,1693.5023052697222,9,Sunday,64
TKT-0481,2026-03-18 14:49:00,2026-03-20 05:49:00,Critical,Ad Review,Email,Team A,Resolved,1,2,User cannot access account and has contacted support multiple times.,39.0,6,1,1448.1356386030557,14,Wednesday,68
TKT-0482,2026-01-12 02:29:00,2026-01-13 17:29:00,Medium,Billing,Phone,Team A,Resolved,1,3,Customer is waiting for urgent resolution and needs clear next steps.,39.0,24,1,3020.4689719363887,2,Monday,69
TKT-0483,2026-01-10 01:02:00,2026-01-11 11:02:00,Low,Policy Question,Chat,Team A,Resolved,0,4,Policy related question needs accurate guidance from knowledge base.,34.0,48,0,3069.9189719363885,1,Saturday,68
TKT-0484,2026-03-11 16:10:00,2026-03-14 05:10:00,Low,Technical Bug,Web Form,Team C,Resolved,1,2,Customer is waiting for urgent resolution and needs clear next steps.,61.0,48,1,1614.7856386030555,16,Wednesday,69
TKT-0485,2026-01-16 23:16:00,,Critical,Payment,Web Form,Specialist Team,Pending,1,3,Campaign delivery problem needs technical validation.,37.0,6,1,2903.6856386030554,23,Friday,53
TKT-0486,2026-02-04 18:46:00,,High,Payment,Chat,Specialist Team,Open,1,3,Customer is waiting for urgent resolution and needs clear next steps.,37.0,12,1,2452.1856386030554,18,Wednesday,69
TKT-0487,2026-02-13 21:32:00,2026-02-15 11:32:00,Medium,Payment,Chat,Team C,Resolved,0,4,User cannot access account and has contacted support multiple times.,38.0,24,1,2233.418971936389,21,Friday,68
TKT-0488,2026-03-13 17:03:00,2026-03-14 01:03:00,High,Policy Question,Chat,Team C,Closed,1,4,Customer is waiting for urgent resolution and needs clear next steps.,8.0,12,0,1565.9023052697223,17,Friday,69
TKT-0489,2026-02-26 03:14:00,2026-02-27 06:14:00,High,Policy Question,Phone,Team C,Resolved,1,3,Billing issue requires review and possible refund investigation.,27.0,12,1,1939.718971936389,3,Thursday,64
TKT-0490,2026-01-20 03:14:00,,Low,Payment,Web Form,Team B,Pending,0,4,User cannot access account and has contacted support multiple times.,37.0,48,0,2827.7189719363887,3,Tuesday,68
TKT-0491,2026-01-27 00:52:00,2026-01-28 21:52:00,Medium,Account Access,Phone,Specialist Team,Closed,1,2,Billing issue requires review and possible refund investigation.,45.0,24,1,2662.0856386030555,0,Tuesday,64
TKT-0492,2026-01-10 16:22:00,2026-01-12 10:22:00,High,Login Issue,Phone,Team B,Closed,1,2,Campaign delivery problem needs technical validation.,42.0,12,1,3054.5856386030555,16,Saturday,53
TKT-0493,2026-02-28 05:30:00,2026-03-01 12:30:00,High,Policy Question,Chat,Team C,Resolved,1,3,Customer is waiting for urgent resolution and needs clear next steps.,31.0,12,1,1889.4523052697223,5,Saturday,69
TKT-0494,2026-01-05 16:14:00,2026-01-06 13:14:00,Medium,Account Access,Email,Specialist Team,Resolved,0,5,Campaign delivery problem needs technical validation.,21.0,24,0,3174.7189719363887,16,Monday,53
TKT-0495,2026-02-23 10:51:00,,Medium,Technical Bug,Phone,Specialist Team,Open,0,4,Billing issue requires review and possible refund investigation.,37.0,24,1,2004.1023052697224,10,Monday,64
TKT-0496,2026-01-19 09:38:00,2026-01-21 07:38:00,Medium,Policy Question,Email,Specialist Team,Resolved,0,3,User cannot access account and has contacted support multiple times.,46.0,24,1,2845.3189719363886,9,Monday,68
TKT-0497,2026-02-05 19:13:00,2026-02-08 02:13:00,Medium,Ad Review,Email,Team A,Resolved,0,3,User cannot access account and has contacted support multiple times.,55.0,24,1,2427.735638603055,19,Thursday,68
TKT-0498,2026-03-15 14:05:00,2026-03-17 18:05:00,Low,Ad Review,Phone,Team A,Closed,0,4,User cannot access account and has contacted support multiple times.,52.0,48,1,1520.868971936389,14,Sunday,68
TKT-0499,2026-03-04 22:56:00,2026-03-06 00:56:00,Critical,Payment,Web Form,Team B,Resolved,1,3,User cannot access account and has contacted support multiple times.,26.0,6,1,1776.0189719363889,22,Wednesday,68
TKT-0500,2026-02-26 04:19:00,2026-02-27 16:19:00,Critical,Account Access,Chat,Specialist Team,Closed,1,3,Policy related question needs accurate guidance from knowledge base.,36.0,6,1,1938.6356386030557,4,Thursday,68
